2023 FIBRS Reporting Agencies,,,,2023 Annual Crime Data by Group,,,,,,2023 Violent Crime Offenses by Quarter,,,,,,,,,,,,,,,,,,,,,,,,2023 Property Crime Offenses by Quarter,,,,,,,,,,,,,,,,,,,,,,,,,,,,,,,,,,,,,,,,,,,,,,,,,,,,,,,,,,,,2023 Other Crime Offenses by Quarter,,,,,,,,,,,,,,,,,,,,,,,,,,,,,,,,,,,,,,,,,,,,,,,,,,,,,,,,,,,,,,,,,,,,,,,,,,,,,,,,,,,,,,,,,,,,,,,,,,,,,,,,,,,,,,,,,,,,,,,,,,,,,,,,,,,,,,,,,
,, 2022 Population Estimate,,Violent Crime,,Property Crime,,Other Crime,,Murder and Non-Negligent Manslaughter,,,,,,Forcible Sex Offenses,,,,,,Robbery,,,,,,Aggravated Assault,,,,,,Burglary,,,,,,Larceny - Pocket Picking,,,,,,Larceny - Purse Snatching,,,,,,Larceny - Shoplifting,,,,,,Larceny - From Motor Vehicle,,,,,,Larceny - Motor Vehicle Parts,,,,,,Larceny - From Building,,,,,,Larceny - Coin-Operated Machine,,,,,,Larceny - All Other,,,,,,Motor Vehicle Theft,,,,,,Negligent Manslaughter,,,,,,Arson,,,,,,Simple Assault,,,,,,Stalking,,,,,,Intimidation,,,,,,Kidnapping/Abduction,,,,,,Drug Offenses,,,,,,Bribery,,,,,,Embezzlement,,,,,,Fraud,,,,,,Counterfeiting/Forgery,,,,,,Extortion/Blackmail,,,,,,Prostitutition,,,,,,Non-Forcible Sex Offenses,,,,,,Stolen Property Offenses,,,,,,Destruction/Damage/Vandalism,,,,,,Gambling Offenses,,,,,,Weapons Offenses,,,,,,Identity Theft,,,,,,Hacking/Computer Invasion,,,,,,Human Trafficking - Commercial Sex Acts,,,,,,Human Trafficking - Involuntary Servitude,,,,,,Animal Cruelty,,,,,
County,Agency Name,,Quarters Reported,Year to Date,Annual Rate,Year to Date,Annual Rate,Year to Date,Annual Rate,2023 Q1,2023 Q2,2023 Q3,2023 Q4,Year to Date,Annual Rate,2023 Q1,2023 Q2,2023 Q3,2023 Q4,Year to Date,Annual Rate,2023 Q1,2023 Q2,2023 Q3,2023 Q4,Year to Date,Annual Rate,2023 Q1,2023 Q2,2023 Q3,2023 Q4,Year to Date,Annual Rate,2023 Q1,2023 Q2,2023 Q3,2023 Q4,Year to Date,Annual Rate,2023 Q1,2023 Q2,2023 Q3,2023 Q4,Year to Date,Annual Rate,2023 Q1,2023 Q2,2023 Q3,2023 Q4,Year to Date,Annual Rate,2023 Q1,2023 Q2,2023 Q3,2023 Q4,Year to Date,Annual Rate,2023 Q1,2023 Q2,2023 Q3,2023 Q4,Year to Date,Annual Rate,2023 Q1,2023 Q2,2023 Q3,2023 Q4,Year to Date,Annual Rate,2023 Q1,2023 Q2,2023 Q3,2023 Q4,Year to Date,Annual Rate,2023 Q1,2023 Q2,2023 Q3,2023 Q4,Year to Date,Annual Rate,2023 Q1,2023 Q2,2023 Q3,2023 Q4,Year to Date,Annual Rate,2023 Q1,2023 Q2,2023 Q3,2023 Q4,Year to Date,Annual Rate,2023 Q1,2023 Q2,2023 Q3,2023 Q4,Year to Date,Annual Rate,2023 Q1,2023 Q2,2023 Q3,2023 Q4,Year to Date,Annual Rate,2023 Q1,2023 Q2,2023 Q3,2023 Q4,Year to Date,Annual Rate,2023 Q1,2023 Q2,2023 Q3,2023 Q4,Year to Date,Annual Rate,2023 Q1,2023 Q2,2023 Q3,2023 Q4,Year to Date,Annual Rate,2023 Q1,2023 Q2,2023 Q3,2023 Q4,Year to Date,Annual Rate,2023 Q1,2023 Q2,2023 Q3,2023 Q4,Year to Date,Annual Rate,2023 Q1,2023 Q2,2023 Q3,2023 Q4,Year to Date,Annual Rate,2023 Q1,2023 Q2,2023 Q3,2023 Q4,Year to Date,Annual Rate,2023 Q1,2023 Q2,2023 Q3,2023 Q4,Year to Date,Annual Rate,2023 Q1,2023 Q2,2023 Q3,2023 Q4,Year to Date,Annual Rate,2023 Q1,2023 Q2,2023 Q3,2023 Q4,Year to Date,Annual Rate,2023 Q1,2023 Q2,2023 Q3,2023 Q4,Year to Date,Annual Rate,2023 Q1,2023 Q2,2023 Q3,2023 Q4,Year to Date,Annual Rate,2023 Q1,2023 Q2,2023 Q3,2023 Q4,Year to Date,Annual Rate,2023 Q1,2023 Q2,2023 Q3,2023 Q4,Year to Date,Annual Rate,2023 Q1,2023 Q2,2023 Q3,2023 Q4,Year to Date,Annual Rate,2023 Q1,2023 Q2,2023 Q3,2023 Q4,Year to Date,Annual Rate,2023 Q1,2023 Q2,2023 Q3,2023 Q4,Year to Date,Annual Rate,2023 Q1,2023 Q2,2023 Q3,2023 Q4,Year to Date,Annual Rate,2023 Q1,2023 Q2,2023 Q3,2023 Q4,Year to Date,Annual Rate,2023 Q1,2023 Q2,2023 Q3,2023 Q4,Year to Date,Annual Rate,2023 Q1,2023 Q2,2023 Q3,2023 Q4,Year to Date,Annual Rate
Alachua,Alachua County Sheriff's Office,"124,408",2,119,192.9,477,773.2,"1,154","1,870.6",0,0,--,--,0,0.0,8,13,--,--,21,34.0,10,5,--,--,15,24.3,41,42,--,--,83,134.5,31,27,--,--,58,94.0,0,0,--,--,0,0.0,0,0,--,--,0,0.0,17,17,--,--,34,55.1,28,34,--,--,62,100.5,10,8,--,--,18,29.2,6,13,--,--,19,30.8,0,0,--,--,0,0.0,122,97,--,--,219,355.0,33,34,--,--,67,108.6,0,0,--,--,0,0.0,1,4,--,--,5,8.1,190,237,--,--,427,692.1,10,10,--,--,20,32.4,6,4,--,--,10,16.2,3,11,--,--,14,22.7,159,163,--,--,322,521.9,0,0,--,--,0,0.0,1,0,--,--,1,1.6,23,27,--,--,50,81.0,10,7,--,--,17,27.6,1,2,--,--,3,4.9,0,0,--,--,0,0.0,2,0,--,--,2,3.2,5,1,--,--,6,9.7,115,87,--,--,202,327.4,0,0,--,--,0,0.0,23,17,--,--,40,64.8,18,15,--,--,33,53.5,1,0,--,--,1,1.6,0,0,--,--,0,0.0,0,0,--,--,0,0.0,0,1,--,--,1,1.6
Alachua,Gainesville Police Department,"145,879",2,566,782.4,"2,323","3,211.2","2,140","2,958.3",5,1,--,--,6,8.3,49,30,--,--,79,109.2,43,30,--,--,73,100.9,190,218,--,--,408,564.0,91,145,--,--,236,326.2,2,2,--,--,4,5.5,0,0,--,--,0,0.0,248,278,--,--,526,727.1,185,279,--,--,464,641.4,63,72,--,--,135,186.6,31,32,--,--,63,87.1,0,0,--,--,0,0.0,331,327,--,--,658,909.6,97,140,--,--,237,327.6,0,0,--,--,0,0.0,2,3,--,--,5,6.9,364,424,--,--,788,"1,089.3",0,0,--,--,0,0.0,55,49,--,--,104,143.8,16,19,--,--,35,48.4,179,208,--,--,387,535.0,0,0,--,--,0,0.0,2,1,--,--,3,4.1,122,120,--,--,242,334.5,19,16,--,--,35,48.4,2,5,--,--,7,9.7,1,1,--,--,2,2.8,2,2,--,--,4,5.5,2,1,--,--,3,4.1,183,197,--,--,380,525.3,0,0,--,--,0,0.0,46,46,--,--,92,127.2,27,19,--,--,46,63.6,0,0,--,--,0,0.0,1,1,--,--,2,2.8,0,0,--,--,0,0.0,3,2,--,--,5,6.9
Alachua,University of Florida Police Department,0,2,7,--,161,--,89,--,0,0,--,--,0,--,0,4,--,--,4,--,1,0,--,--,1,--,2,0,--,--,2,--,4,5,--,--,9,--,0,0,--,--,0,--,0,0,--,--,0,--,1,1,--,--,2,--,6,3,--,--,9,--,4,1,--,--,5,--,8,6,--,--,14,--,0,0,--,--,0,--,60,59,--,--,119,--,0,3,--,--,3,--,0,0,--,--,0,--,0,0,--,--,0,--,10,4,--,--,14,--,4,3,--,--,7,--,1,0,--,--,1,--,0,2,--,--,2,--,16,13,--,--,29,--,0,0,--,--,0,--,0,0,--,--,0,--,4,3,--,--,7,--,2,4,--,--,6,--,1,0,--,--,1,--,0,0,--,--,0,--,0,0,--,--,0,--,0,1,--,--,1,--,8,12,--,--,20,--,0,0,--,--,0,--,0,0,--,--,0,--,0,1,--,--,1,--,0,0,--,--,0,--,0,0,--,--,0,--,0,0,--,--,0,--,0,0,--,--,0,--
Baker,Baker County Sheriff's Office,"27,881",2,25,180.8,35,253.1,119,860.7,0,0,--,--,0,0.0,0,0,--,--,0,0.0,0,0,--,--,0,0.0,14,11,--,--,25,180.8,0,2,--,--,2,14.5,0,0,--,--,0,0.0,0,0,--,--,0,0.0,2,2,--,--,4,28.9,2,3,--,--,5,36.2,1,1,--,--,2,14.5,1,0,--,--,1,7.2,0,0,--,--,0,0.0,11,5,--,--,16,115.7,3,2,--,--,5,36.2,0,0,--,--,0,0.0,0,0,--,--,0,0.0,26,24,--,--,50,361.6,0,0,--,--,0,0.0,10,2,--,--,12,86.8,3,0,--,--,3,21.7,27,12,--,--,39,282.1,0,0,--,--,0,0.0,0,0,--,--,0,0.0,0,0,--,--,0,0.0,1,0,--,--,1,7.2,0,0,--,--,0,0.0,0,0,--,--,0,0.0,0,0,--,--,0,0.0,0,0,--,--,0,0.0,8,0,--,--,8,57.9,0,0,--,--,0,0.0,3,3,--,--,6,43.4,0,0,--,--,0,0.0,0,0,--,--,0,0.0,0,0,--,--,0,0.0,0,0,--,--,0,0.0,0,0,--,--,0,0.0
Brevard,Palm Bay Police Department,"126,748",2,221,351.6,800,"1,272.8","2,480","3,945.7",1,1,--,--,2,3.2,28,28,--,--,56,89.1,9,13,--,--,22,35.0,66,75,--,--,141,224.3,40,53,--,--,93,148.0,1,0,--,--,1,1.6,1,0,--,--,1,1.6,61,68,--,--,129,205.2,73,115,--,--,188,299.1,17,18,--,--,35,55.7,31,27,--,--,58,92.3,1,0,--,--,1,1.6,95,109,--,--,204,324.6,47,43,--,--,90,143.2,1,2,--,--,3,4.8,0,4,--,--,4,6.4,504,542,--,--,"1,046","1,664.2",12,16,--,--,28,44.5,40,43,--,--,83,132.1,3,8,--,--,11,17.5,370,449,--,--,819,"1,303.0",0,0,--,--,0,0.0,6,3,--,--,9,14.3,92,100,--,--,192,305.5,5,6,--,--,11,17.5,2,3,--,--,5,8.0,0,0,--,--,0,0.0,36,20,--,--,56,89.1,6,12,--,--,18,28.6,34,26,--,--,60,95.5,0,0,--,--,0,0.0,27,47,--,--,74,117.7,31,22,--,--,53,84.3,2,3,--,--,5,8.0,1,2,--,--,3,4.8,0,0,--,--,0,0.0,0,0,--,--,0,0.0
Broward,Coral Springs Police Department,"134,816",1,38,114.3,381,"1,146.1",523,"1,573.3",0,--,--,--,0,0.0,4,--,--,--,4,12.0,3,--,--,--,3,9.0,31,--,--,--,31,93.3,42,--,--,--,42,126.3,0,--,--,--,0,0.0,2,--,--,--,2,6.0,140,--,--,--,140,421.2,51,--,--,--,51,153.4,38,--,--,--,38,114.3,0,--,--,--,0,0.0,0,--,--,--,0,0.0,92,--,--,--,92,276.8,16,--,--,--,16,48.1,0,--,--,--,0,0.0,0,--,--,--,0,0.0,216,--,--,--,216,649.8,0,--,--,--,0,0.0,2,--,--,--,2,6.0,4,--,--,--,4,12.0,104,--,--,--,104,312.9,0,--,--,--,0,0.0,0,--,--,--,0,0.0,52,--,--,--,52,156.4,0,--,--,--,0,0.0,9,--,--,--,9,27.1,0,--,--,--,0,0.0,3,--,--,--,3,9.0,5,--,--,--,5,15.0,74,--,--,--,74,222.6,0,--,--,--,0,0.0,24,--,--,--,24,72.2,29,--,--,--,29,87.2,0,--,--,--,0,0.0,0,--,--,--,0,0.0,0,--,--,--,0,0.0,1,--,--,--,1,3.0
Charlotte,Charlotte County Sheriff's Office,"176,812",2,100,114.1,627,715.1,"1,798","2,050.7",1,0,--,--,1,1.1,5,2,--,--,7,8.0,1,0,--,--,1,1.1,48,43,--,--,91,103.8,25,37,--,--,62,70.7,0,0,--,--,0,0.0,1,0,--,--,1,1.1,71,65,--,--,136,155.1,29,40,--,--,69,78.7,15,19,--,--,34,38.8,33,18,--,--,51,58.2,1,0,--,--,1,1.1,108,108,--,--,216,246.4,31,26,--,--,57,65.0,0,0,--,--,0,0.0,3,1,--,--,4,4.6,227,262,--,--,489,557.7,0,1,--,--,1,1.1,1,11,--,--,12,13.7,0,1,--,--,1,1.1,434,425,--,--,859,979.7,0,0,--,--,0,0.0,5,5,--,--,10,11.4,106,106,--,--,212,241.8,11,9,--,--,20,22.8,0,1,--,--,1,1.1,5,0,--,--,5,5.7,5,2,--,--,7,8.0,6,1,--,--,7,8.0,52,53,--,--,105,119.8,0,0,--,--,0,0.0,23,16,--,--,39,44.5,10,15,--,--,25,28.5,1,0,--,--,1,1.1,0,0,--,--,0,0.0,0,0,--,--,0,0.0,0,0,--,--,0,0.0
Collier,Collier County Sheriff's Office,"355,517",2,312,177.0,"1,316",746.5,"3,154","1,789.0",1,4,--,--,5,2.8,19,15,--,--,34,19.3,11,16,--,--,27,15.3,122,124,--,--,246,139.5,57,60,--,--,117,66.4,1,3,--,--,4,2.3,0,0,--,--,0,0.0,106,130,--,--,236,133.9,91,64,--,--,155,87.9,70,39,--,--,109,61.8,99,100,--,--,199,112.9,0,0,--,--,0,0.0,184,160,--,--,344,195.1,91,61,--,--,152,86.2,0,0,--,--,0,0.0,3,3,--,--,6,3.4,656,626,--,--,"1,282",727.2,27,36,--,--,63,35.7,11,15,--,--,26,14.7,7,6,--,--,13,7.4,479,456,--,--,935,530.4,0,0,--,--,0,0.0,8,6,--,--,14,7.9,187,195,--,--,382,216.7,50,41,--,--,91,51.6,3,4,--,--,7,4.0,1,7,--,--,8,4.5,8,1,--,--,9,5.1,1,7,--,--,8,4.5,30,40,--,--,70,39.7,0,0,--,--,0,0.0,46,40,--,--,86,48.8,70,61,--,--,131,74.3,2,4,--,--,6,3.4,1,0,--,--,1,0.6,0,0,--,--,0,0.0,8,8,--,--,16,9.1
Collier,Marco Island Police Department,"16,112",2,6,75.1,41,513.2,55,688.4,0,0,--,--,0,0.0,1,0,--,--,1,12.5,0,0,--,--,0,0.0,2,3,--,--,5,62.6,0,1,--,--,1,12.5,2,0,--,--,2,25.0,0,0,--,--,0,0.0,3,2,--,--,5,62.6,1,3,--,--,4,50.1,0,0,--,--,0,0.0,3,1,--,--,4,50.1,0,0,--,--,0,0.0,10,8,--,--,18,225.3,4,3,--,--,7,87.6,0,0,--,--,0,0.0,0,0,--,--,0,0.0,12,5,--,--,17,212.8,2,2,--,--,4,50.1,2,0,--,--,2,25.0,0,0,--,--,0,0.0,3,4,--,--,7,87.6,0,0,--,--,0,0.0,0,0,--,--,0,0.0,1,2,--,--,3,37.5,1,1,--,--,2,25.0,1,0,--,--,1,12.5,0,0,--,--,0,0.0,0,1,--,--,1,12.5,0,0,--,--,0,0.0,10,5,--,--,15,187.7,0,0,--,--,0,0.0,0,2,--,--,2,25.0,0,0,--,--,0,0.0,0,0,--,--,0,0.0,0,0,--,--,0,0.0,0,0,--,--,0,0.0,0,1,--,--,1,12.5
DeSoto,Desoto County Sheriff's Office,"27,140",2,68,505.3,233,"1,731.3",619,"4,599.3",0,0,--,--,0,0.0,7,6,--,--,13,96.6,0,6,--,--,6,44.6,21,28,--,--,49,364.1,22,17,--,--,39,289.8,0,0,--,--,0,0.0,0,0,--,--,0,0.0,30,19,--,--,49,364.1,18,15,--,--,33,245.2,6,14,--,--,20,148.6,2,0,--,--,2,14.9,0,0,--,--,0,0.0,48,33,--,--,81,601.9,3,6,--,--,9,66.9,0,0,--,--,0,0.0,0,0,--,--,0,0.0,99,113,--,--,212,"1,575.2",5,1,--,--,6,44.6,7,4,--,--,11,81.7,1,3,--,--,4,29.7,103,120,--,--,223,"1,656.9",0,0,--,--,0,0.0,1,0,--,--,1,7.4,31,28,--,--,59,438.4,8,4,--,--,12,89.2,0,3,--,--,3,22.3,0,1,--,--,1,7.4,1,1,--,--,2,14.9,1,0,--,--,1,7.4,25,27,--,--,52,386.4,0,0,--,--,0,0.0,9,9,--,--,18,133.7,7,5,--,--,12,89.2,0,0,--,--,0,0.0,0,0,--,--,0,0.0,0,0,--,--,0,0.0,1,1,--,--,2,14.9
Duval,Atlantic Beach Police Department,"13,500",2,17,253.9,95,"1,419.1",182,"2,718.6",0,0,--,--,0,0.0,1,3,--,--,4,59.8,1,0,--,--,1,14.9,6,6,--,--,12,179.3,6,2,--,--,8,119.5,0,0,--,--,0,0.0,0,0,--,--,0,0.0,9,10,--,--,19,283.8,10,6,--,--,16,239.0,1,0,--,--,1,14.9,1,2,--,--,3,44.8,0,0,--,--,0,0.0,16,25,--,--,41,612.4,4,3,--,--,7,104.6,0,0,--,--,0,0.0,0,1,--,--,1,14.9,13,20,--,--,33,492.9,0,0,--,--,0,0.0,1,0,--,--,1,14.9,0,1,--,--,1,14.9,51,26,--,--,77,"1,150.2",0,0,--,--,0,0.0,0,0,--,--,0,0.0,9,13,--,--,22,328.6,3,4,--,--,7,104.6,1,0,--,--,1,14.9,0,0,--,--,0,0.0,0,0,--,--,0,0.0,1,0,--,--,1,14.9,10,16,--,--,26,388.4,0,0,--,--,0,0.0,1,3,--,--,4,59.8,5,2,--,--,7,104.6,0,0,--,--,0,0.0,0,1,--,--,1,14.9,0,0,--,--,0,0.0,0,0,--,--,0,0.0
Duval,Duval County School Police Department,0,2,81,--,77,--,"1,001",--,0,0,--,--,0,--,7,6,--,--,13,--,3,1,--,--,4,--,36,28,--,--,64,--,7,14,--,--,21,--,0,1,--,--,1,--,0,1,--,--,1,--,0,0,--,--,0,--,0,1,--,--,1,--,1,1,--,--,2,--,16,6,--,--,22,--,0,0,--,--,0,--,17,11,--,--,28,--,0,1,--,--,1,--,0,0,--,--,0,--,0,0,--,--,0,--,341,170,--,--,511,--,0,1,--,--,1,--,171,113,--,--,284,--,0,0,--,--,0,--,73,29,--,--,102,--,0,0,--,--,0,--,1,2,--,--,3,--,1,0,--,--,1,--,0,0,--,--,0,--,0,0,--,--,0,--,0,0,--,--,0,--,2,2,--,--,4,--,0,1,--,--,1,--,25,40,--,--,65,--,0,0,--,--,0,--,13,16,--,--,29,--,0,0,--,--,0,--,0,0,--,--,0,--,0,0,--,--,0,--,0,0,--,--,0,--,0,0,--,--,0,--
Duval,Jacksonville Aviation Authority PD,0,2,2,--,30,--,49,--,0,0,--,--,0,--,0,0,--,--,0,--,0,1,--,--,1,--,0,1,--,--,1,--,0,0,--,--,0,--,0,0,--,--,0,--,0,0,--,--,0,--,0,1,--,--,1,--,2,1,--,--,3,--,0,0,--,--,0,--,1,1,--,--,2,--,0,0,--,--,0,--,6,3,--,--,9,--,6,9,--,--,15,--,0,0,--,--,0,--,0,0,--,--,0,--,3,8,--,--,11,--,0,0,--,--,0,--,0,0,--,--,0,--,0,0,--,--,0,--,3,10,--,--,13,--,0,0,--,--,0,--,0,1,--,--,1,--,8,10,--,--,18,--,0,0,--,--,0,--,0,0,--,--,0,--,0,0,--,--,0,--,0,0,--,--,0,--,0,0,--,--,0,--,1,2,--,--,3,--,0,0,--,--,0,--,2,1,--,--,3,--,0,0,--,--,0,--,0,0,--,--,0,--,0,0,--,--,0,--,0,0,--,--,0,--,0,0,--,--,0,--
Duval,Jacksonville Sheriff's Office,"988,650",2,"3,543",722.7,"12,538","2,557.4","17,967","3,664.8",23,19,--,--,42,8.6,114,117,--,--,231,47.1,213,208,--,--,421,85.9,"1,283","1,566",--,--,"2,849",581.1,730,739,--,--,"1,469",299.6,17,18,--,--,35,7.1,11,5,--,--,16,3.3,"1,431","1,637",--,--,"3,068",625.8,"1,276","1,275",--,--,"2,551",520.3,80,84,--,--,164,33.5,140,129,--,--,269,54.9,1,1,--,--,2,0.4,"1,493","1,700",--,--,"3,193",651.3,793,978,--,--,"1,771",361.2,1,0,--,--,1,0.2,27,35,--,--,62,12.6,"3,366","3,454",--,--,"6,820","1,391.1",67,64,--,--,131,26.7,323,424,--,--,747,152.4,72,53,--,--,125,25.5,"2,018","1,935",--,--,"3,953",806.3,1,2,--,--,3,0.6,78,64,--,--,142,29.0,401,433,--,--,834,170.1,117,157,--,--,274,55.9,22,30,--,--,52,10.6,38,9,--,--,47,9.6,21,12,--,--,33,6.7,58,46,--,--,104,21.2,"1,510","1,687",--,--,"3,197",652.1,0,0,--,--,0,0.0,700,651,--,--,"1,351",275.6,17,26,--,--,43,8.8,5,2,--,--,7,1.4,0,0,--,--,0,0.0,0,0,--,--,0,0.0,18,23,--,--,41,8.4
Duval,Neptune Beach Police Department,"7,271",2,5,138.7,43,"1,192.6",71,"1,969.1",0,0,--,--,0,0.0,3,0,--,--,3,83.2,0,0,--,--,0,0.0,1,1,--,--,2,55.5,2,1,--,--,3,83.2,0,0,--,--,0,0.0,0,0,--,--,0,0.0,5,2,--,--,7,194.1,4,0,--,--,4,110.9,0,0,--,--,0,0.0,2,0,--,--,2,55.5,0,0,--,--,0,0.0,7,13,--,--,20,554.7,3,4,--,--,7,194.1,0,0,--,--,0,0.0,0,0,--,--,0,0.0,5,8,--,--,13,360.5,0,0,--,--,0,0.0,0,0,--,--,0,0.0,0,0,--,--,0,0.0,18,9,--,--,27,748.8,0,0,--,--,0,0.0,0,1,--,--,1,27.7,4,0,--,--,4,110.9,1,3,--,--,4,110.9,0,0,--,--,0,0.0,0,0,--,--,0,0.0,0,0,--,--,0,0.0,2,0,--,--,2,55.5,4,9,--,--,13,360.5,0,0,--,--,0,0.0,4,0,--,--,4,110.9,2,1,--,--,3,83.2,0,0,--,--,0,0.0,0,0,--,--,0,0.0,0,0,--,--,0,0.0,0,0,--,--,0,0.0
Escambia,Pensacola Police Department,"54,772",2,37,136.2,265,975.7,285,"1,049.3",0,0,--,--,0,0.0,9,4,--,--,13,47.9,0,0,--,--,0,0.0,3,21,--,--,24,88.4,1,6,--,--,7,25.8,0,1,--,--,1,3.7,0,0,--,--,0,0.0,90,89,--,--,179,659.0,0,6,--,--,6,22.1,4,2,--,--,6,22.1,5,9,--,--,14,51.5,1,0,--,--,1,3.7,14,30,--,--,44,162.0,1,6,--,--,7,25.8,0,0,--,--,0,0.0,0,0,--,--,0,0.0,38,101,--,--,139,511.8,0,0,--,--,0,0.0,0,0,--,--,0,0.0,0,0,--,--,0,0.0,19,79,--,--,98,360.8,0,0,--,--,0,0.0,0,0,--,--,0,0.0,2,3,--,--,5,18.4,0,3,--,--,3,11.0,0,0,--,--,0,0.0,5,0,--,--,5,18.4,3,0,--,--,3,11.0,0,0,--,--,0,0.0,16,9,--,--,25,92.0,0,0,--,--,0,0.0,1,3,--,--,4,14.7,0,1,--,--,1,3.7,0,0,--,--,0,0.0,0,0,--,--,0,0.0,0,0,--,--,0,0.0,0,2,--,--,2,7.4
Escambia,University of West Florida Police Dept,0,2,0,--,12,--,4,--,0,0,--,--,0,--,0,0,--,--,0,--,0,0,--,--,0,--,0,0,--,--,0,--,0,1,--,--,1,--,0,0,--,--,0,--,0,0,--,--,0,--,0,0,--,--,0,--,1,0,--,--,1,--,1,0,--,--,1,--,1,1,--,--,2,--,0,0,--,--,0,--,5,1,--,--,6,--,0,1,--,--,1,--,0,0,--,--,0,--,0,0,--,--,0,--,0,0,--,--,0,--,0,0,--,--,0,--,1,1,--,--,2,--,0,0,--,--,0,--,0,0,--,--,0,--,0,0,--,--,0,--,0,0,--,--,0,--,0,0,--,--,0,--,1,0,--,--,1,--,0,0,--,--,0,--,0,0,--,--,0,--,0,0,--,--,0,--,0,0,--,--,0,--,1,0,--,--,1,--,0,0,--,--,0,--,0,0,--,--,0,--,0,0,--,--,0,--,0,0,--,--,0,--,0,0,--,--,0,--,0,0,--,--,0,--,0,0,--,--,0,--
Gulf,Gulf County Sheriff's Office,"12,178",1,10,333.0,24,799.3,56,"1,864.9",0,--,--,--,0,0.0,0,--,--,--,0,0.0,0,--,--,--,0,0.0,10,--,--,--,10,333.0,5,--,--,--,5,166.5,0,--,--,--,0,0.0,1,--,--,--,1,33.3,2,--,--,--,2,66.6,7,--,--,--,7,233.1,1,--,--,--,1,33.3,2,--,--,--,2,66.6,0,--,--,--,0,0.0,6,--,--,--,6,199.8,0,--,--,--,0,0.0,0,--,--,--,0,0.0,0,--,--,--,0,0.0,24,--,--,--,24,799.3,0,--,--,--,0,0.0,0,--,--,--,0,0.0,2,--,--,--,2,66.6,10,--,--,--,10,333.0,0,--,--,--,0,0.0,0,--,--,--,0,0.0,2,--,--,--,2,66.6,2,--,--,--,2,66.6,0,--,--,--,0,0.0,0,--,--,--,0,0.0,0,--,--,--,0,0.0,0,--,--,--,0,0.0,11,--,--,--,11,366.3,0,--,--,--,0,0.0,4,--,--,--,4,133.2,0,--,--,--,0,0.0,0,--,--,--,0,0.0,0,--,--,--,0,0.0,0,--,--,--,0,0.0,1,--,--,--,1,33.3
Hamilton,Hamilton County Sheriff's Office,"8,146",2,29,717.9,81,"2,005.2",103,"2,549.8",0,0,--,--,0,0.0,0,0,--,--,0,0.0,0,0,--,--,0,0.0,14,15,--,--,29,717.9,9,5,--,--,14,346.6,0,0,--,--,0,0.0,0,0,--,--,0,0.0,1,4,--,--,5,123.8,6,4,--,--,10,247.6,0,0,--,--,0,0.0,1,4,--,--,5,123.8,0,0,--,--,0,0.0,18,14,--,--,32,792.2,8,7,--,--,15,371.3,0,0,--,--,0,0.0,0,0,--,--,0,0.0,25,24,--,--,49,"1,213.0",0,0,--,--,0,0.0,3,0,--,--,3,74.3,0,0,--,--,0,0.0,9,1,--,--,10,247.6,0,0,--,--,0,0.0,0,0,--,--,0,0.0,1,1,--,--,2,49.5,0,0,--,--,0,0.0,0,0,--,--,0,0.0,0,0,--,--,0,0.0,0,1,--,--,1,24.8,1,0,--,--,1,24.8,12,13,--,--,25,618.9,0,0,--,--,0,0.0,7,4,--,--,11,272.3,0,0,--,--,0,0.0,0,0,--,--,0,0.0,0,0,--,--,0,0.0,0,0,--,--,0,0.0,0,1,--,--,1,24.8
Hendry,Clewiston Police Department,"7,316",2,2,55.1,19,523.7,15,413.5,0,0,--,--,0,0.0,0,0,--,--,0,0.0,0,0,--,--,0,0.0,1,1,--,--,2,55.1,0,2,--,--,2,55.1,0,0,--,--,0,0.0,0,0,--,--,0,0.0,0,4,--,--,4,110.3,1,6,--,--,7,192.9,0,0,--,--,0,0.0,0,0,--,--,0,0.0,0,0,--,--,0,0.0,1,5,--,--,6,165.4,0,0,--,--,0,0.0,0,0,--,--,0,0.0,0,0,--,--,0,0.0,4,2,--,--,6,165.4,0,0,--,--,0,0.0,0,0,--,--,0,0.0,0,0,--,--,0,0.0,0,0,--,--,0,0.0,0,0,--,--,0,0.0,0,0,--,--,0,0.0,1,0,--,--,1,27.6,0,3,--,--,3,82.7,0,0,--,--,0,0.0,0,0,--,--,0,0.0,0,0,--,--,0,0.0,0,0,--,--,0,0.0,1,3,--,--,4,110.3,0,0,--,--,0,0.0,0,1,--,--,1,27.6,0,0,--,--,0,0.0,0,0,--,--,0,0.0,0,0,--,--,0,0.0,0,0,--,--,0,0.0,0,0,--,--,0,0.0
Hendry,Hendry County Sheriff's Office,"33,317",2,24,145.3,12,72.6,177,"1,071.3",0,0,--,--,0,0.0,1,1,--,--,2,12.1,0,0,--,--,0,0.0,5,17,--,--,22,133.2,0,2,--,--,2,12.1,0,1,--,--,1,6.1,0,0,--,--,0,0.0,2,2,--,--,4,24.2,0,0,--,--,0,0.0,0,0,--,--,0,0.0,0,0,--,--,0,0.0,0,0,--,--,0,0.0,1,2,--,--,3,18.2,1,1,--,--,2,12.1,0,0,--,--,0,0.0,0,0,--,--,0,0.0,24,38,--,--,62,375.3,0,1,--,--,1,6.1,0,2,--,--,2,12.1,0,1,--,--,1,6.1,44,37,--,--,81,490.3,0,0,--,--,0,0.0,0,0,--,--,0,0.0,0,0,--,--,0,0.0,1,0,--,--,1,6.1,0,0,--,--,0,0.0,0,0,--,--,0,0.0,0,0,--,--,0,0.0,0,1,--,--,1,6.1,4,5,--,--,9,54.5,0,0,--,--,0,0.0,4,12,--,--,16,96.8,0,0,--,--,0,0.0,0,0,--,--,0,0.0,0,0,--,--,0,0.0,0,0,--,--,0,0.0,2,1,--,--,3,18.2
Hernando,City of Brooksville,"9,481",2,25,531.7,141,"2,999.0",201,"4,275.2",1,0,--,--,1,21.3,1,1,--,--,2,42.5,0,1,--,--,1,21.3,9,12,--,--,21,446.7,7,3,--,--,10,212.7,0,0,--,--,0,0.0,0,0,--,--,0,0.0,35,35,--,--,70,"1,488.9",9,6,--,--,15,319.0,1,1,--,--,2,42.5,5,9,--,--,14,297.8,0,0,--,--,0,0.0,11,9,--,--,20,425.4,4,6,--,--,10,212.7,0,0,--,--,0,0.0,0,0,--,--,0,0.0,25,45,--,--,70,"1,488.9",0,0,--,--,0,0.0,1,4,--,--,5,106.3,0,0,--,--,0,0.0,36,39,--,--,75,"1,595.2",0,0,--,--,0,0.0,0,4,--,--,4,85.1,9,5,--,--,14,297.8,3,1,--,--,4,85.1,0,0,--,--,0,0.0,0,1,--,--,1,21.3,1,0,--,--,1,21.3,2,1,--,--,3,63.8,4,9,--,--,13,276.5,1,0,--,--,1,21.3,1,6,--,--,7,148.9,2,1,--,--,3,63.8,0,0,--,--,0,0.0,0,0,--,--,0,0.0,0,0,--,--,0,0.0,0,0,--,--,0,0.0
Hernando,Hernando County Sheriff's Office,"189,726",2,217,230.6,938,997.0,"1,893","2,012.0",4,0,--,--,4,4.3,15,30,--,--,45,47.8,7,13,--,--,20,21.3,67,81,--,--,148,157.3,43,63,--,--,106,112.7,0,1,--,--,1,1.1,0,0,--,--,0,0.0,86,137,--,--,223,237.0,146,52,--,--,198,210.5,26,38,--,--,64,68.0,41,56,--,--,97,103.1,4,1,--,--,5,5.3,86,90,--,--,176,187.1,38,30,--,--,68,72.3,0,2,--,--,2,2.1,3,4,--,--,7,7.4,352,438,--,--,790,839.7,0,0,--,--,0,0.0,32,61,--,--,93,98.8,6,10,--,--,16,17.0,226,215,--,--,441,468.7,0,0,--,--,0,0.0,7,9,--,--,16,17.0,87,87,--,--,174,184.9,22,29,--,--,51,54.2,3,2,--,--,5,5.3,1,0,--,--,1,1.1,4,10,--,--,14,14.9,6,6,--,--,12,12.8,71,101,--,--,172,182.8,5,0,--,--,5,5.3,17,19,--,--,36,38.3,12,25,--,--,37,39.3,0,2,--,--,2,2.1,0,1,--,--,1,1.1,0,0,--,--,0,0.0,10,8,--,--,18,19.1
Hillsborough,Tampa Police Department,"401,512",2,987,495.7,"3,630","1,823.1","7,407","3,720.1",7,12,--,--,19,9.5,41,58,--,--,99,49.7,74,74,--,--,148,74.3,358,363,--,--,721,362.1,218,218,--,--,436,219.0,27,26,--,--,53,26.6,14,15,--,--,29,14.6,266,264,--,--,530,266.2,424,395,--,--,819,411.3,96,81,--,--,177,88.9,175,106,--,--,281,141.1,0,1,--,--,1,0.5,367,472,--,--,839,421.4,210,255,--,--,465,233.5,3,0,--,--,3,1.5,13,8,--,--,21,10.5,"1,429","1,465",--,--,"2,894","1,453.5",7,6,--,--,13,6.5,75,64,--,--,139,69.8,17,21,--,--,38,19.1,720,806,--,--,"1,526",766.4,0,0,--,--,0,0.0,23,26,--,--,49,24.6,370,325,--,--,695,349.1,38,65,--,--,103,51.7,8,8,--,--,16,8.0,27,38,--,--,65,32.6,24,10,--,--,34,17.1,8,11,--,--,19,9.5,549,531,--,--,"1,080",542.4,0,0,--,--,0,0.0,299,264,--,--,563,282.8,69,59,--,--,128,64.3,3,1,--,--,4,2.0,6,5,--,--,11,5.5,0,0,--,--,0,0.0,1,5,--,--,6,3.0
Indian River,Vero Beach Police Department,"16,473",1,0,0.0,11,270.8,17,418.5,0,--,--,--,0,0.0,0,--,--,--,0,0.0,0,--,--,--,0,0.0,0,--,--,--,0,0.0,1,--,--,--,1,24.6,6,--,--,--,6,147.7,1,--,--,--,1,24.6,0,--,--,--,0,0.0,2,--,--,--,2,49.2,0,--,--,--,0,0.0,1,--,--,--,1,24.6,0,--,--,--,0,0.0,0,--,--,--,0,0.0,0,--,--,--,0,0.0,0,--,--,--,0,0.0,0,--,--,--,0,0.0,6,--,--,--,6,147.7,0,--,--,--,0,0.0,0,--,--,--,0,0.0,0,--,--,--,0,0.0,3,--,--,--,3,73.9,0,--,--,--,0,0.0,1,--,--,--,1,24.6,3,--,--,--,3,73.9,2,--,--,--,2,49.2,0,--,--,--,0,0.0,0,--,--,--,0,0.0,0,--,--,--,0,0.0,0,--,--,--,0,0.0,2,--,--,--,2,49.2,0,--,--,--,0,0.0,0,--,--,--,0,0.0,0,--,--,--,0,0.0,0,--,--,--,0,0.0,0,--,--,--,0,0.0,0,--,--,--,0,0.0,0,--,--,--,0,0.0
Jefferson,Jefferson County Sheriff's Office,"12,277",2,12,197.1,25,410.6,93,"1,527.6",0,0,--,--,0,0.0,5,1,--,--,6,98.6,0,0,--,--,0,0.0,3,3,--,--,6,98.6,3,0,--,--,3,49.3,0,0,--,--,0,0.0,0,0,--,--,0,0.0,1,0,--,--,1,16.4,2,0,--,--,2,32.9,2,0,--,--,2,32.9,4,2,--,--,6,98.6,0,0,--,--,0,0.0,10,0,--,--,10,164.3,0,1,--,--,1,16.4,0,0,--,--,0,0.0,1,0,--,--,1,16.4,30,2,--,--,32,525.6,0,0,--,--,0,0.0,0,0,--,--,0,0.0,0,0,--,--,0,0.0,36,0,--,--,36,591.3,0,0,--,--,0,0.0,0,0,--,--,0,0.0,2,0,--,--,2,32.9,1,0,--,--,1,16.4,0,0,--,--,0,0.0,0,0,--,--,0,0.0,0,0,--,--,0,0.0,0,0,--,--,0,0.0,6,2,--,--,8,131.4,0,0,--,--,0,0.0,5,1,--,--,6,98.6,4,0,--,--,4,65.7,1,0,--,--,1,16.4,0,0,--,--,0,0.0,0,0,--,--,0,0.0,2,0,--,--,2,32.9
Lake,Leesburg Police Department,"28,833",2,73,510.6,367,"2,566.8",559,"3,909.6",0,0,--,--,0,0.0,9,5,--,--,14,97.9,6,8,--,--,14,97.9,16,29,--,--,45,314.7,37,36,--,--,73,510.6,0,0,--,--,0,0.0,1,1,--,--,2,14.0,39,30,--,--,69,482.6,19,12,--,--,31,216.8,7,6,--,--,13,90.9,0,0,--,--,0,0.0,0,0,--,--,0,0.0,79,60,--,--,139,972.2,17,23,--,--,40,279.8,0,0,--,--,0,0.0,1,1,--,--,2,14.0,114,128,--,--,242,"1,692.5",0,0,--,--,0,0.0,6,3,--,--,9,62.9,3,1,--,--,4,28.0,67,64,--,--,131,916.2,0,0,--,--,0,0.0,0,0,--,--,0,0.0,44,26,--,--,70,489.6,0,5,--,--,5,35.0,2,1,--,--,3,21.0,0,0,--,--,0,0.0,1,2,--,--,3,21.0,0,3,--,--,3,21.0,33,26,--,--,59,412.6,0,0,--,--,0,0.0,11,16,--,--,27,188.8,0,0,--,--,0,0.0,0,1,--,--,1,7.0,0,0,--,--,0,0.0,0,0,--,--,0,0.0,0,0,--,--,0,0.0
Leon,Florida State University Police Dept.,0,2,8,--,81,--,93,--,0,0,--,--,0,--,2,3,--,--,5,--,1,0,--,--,1,--,0,2,--,--,2,--,7,8,--,--,15,--,4,1,--,--,5,--,1,1,--,--,2,--,2,0,--,--,2,--,13,4,--,--,17,--,1,0,--,--,1,--,11,10,--,--,21,--,0,0,--,--,0,--,8,6,--,--,14,--,0,4,--,--,4,--,0,0,--,--,0,--,0,1,--,--,1,--,4,4,--,--,8,--,4,0,--,--,4,--,3,0,--,--,3,--,0,0,--,--,0,--,11,10,--,--,21,--,0,0,--,--,0,--,0,0,--,--,0,--,4,0,--,--,4,--,6,7,--,--,13,--,0,0,--,--,0,--,0,0,--,--,0,--,0,0,--,--,0,--,0,0,--,--,0,--,22,9,--,--,31,--,0,0,--,--,0,--,3,2,--,--,5,--,0,0,--,--,0,--,2,1,--,--,3,--,0,0,--,--,0,--,0,0,--,--,0,--,0,0,--,--,0,--
Manatee,Bradenton Police Department,"56,957",2,212,750.6,682,"2,414.6","1,148","4,064.5",2,0,--,--,2,7.1,17,4,--,--,21,74.4,17,15,--,--,32,113.3,66,91,--,--,157,555.9,22,22,--,--,44,155.8,2,1,--,--,3,10.6,2,1,--,--,3,10.6,94,54,--,--,148,524.0,62,76,--,--,138,488.6,24,19,--,--,43,152.2,25,46,--,--,71,251.4,0,0,--,--,0,0.0,75,81,--,--,156,552.3,32,44,--,--,76,269.1,0,0,--,--,0,0.0,0,1,--,--,1,3.5,243,245,--,--,488,"1,727.8",0,0,--,--,0,0.0,9,6,--,--,15,53.1,1,4,--,--,5,17.7,131,134,--,--,265,938.2,0,0,--,--,0,0.0,3,5,--,--,8,28.3,43,47,--,--,90,318.6,10,13,--,--,23,81.4,0,0,--,--,0,0.0,0,0,--,--,0,0.0,4,3,--,--,7,24.8,9,8,--,--,17,60.2,77,95,--,--,172,609.0,0,0,--,--,0,0.0,14,33,--,--,47,166.4,6,3,--,--,9,31.9,0,0,--,--,0,0.0,0,0,--,--,0,0.0,0,1,--,--,1,3.5,0,0,--,--,0,0.0
Marion,Marion County Sheriff's Office,"319,270",2,406,256.4,945,596.9,"2,415","1,525.4",0,0,--,--,0,0.0,28,30,--,--,58,36.6,0,0,--,--,0,0.0,192,156,--,--,348,219.8,57,58,--,--,115,72.6,0,1,--,--,1,0.6,1,0,--,--,1,0.6,119,80,--,--,199,125.7,63,36,--,--,99,62.5,27,25,--,--,52,32.8,27,20,--,--,47,29.7,0,1,--,--,1,0.6,183,152,--,--,335,211.6,58,37,--,--,95,60.0,0,0,--,--,0,0.0,1,2,--,--,3,1.9,792,751,--,--,"1,543",974.6,0,0,--,--,0,0.0,0,0,--,--,0,0.0,5,5,--,--,10,6.3,210,256,--,--,466,294.3,1,0,--,--,1,0.6,0,0,--,--,0,0.0,48,22,--,--,70,44.2,10,5,--,--,15,9.5,0,0,--,--,0,0.0,1,1,--,--,2,1.3,8,8,--,--,16,10.1,1,0,--,--,1,0.6,100,104,--,--,204,128.9,0,0,--,--,0,0.0,34,33,--,--,67,42.3,1,2,--,--,3,1.9,0,0,--,--,0,0.0,0,0,--,--,0,0.0,0,0,--,--,0,0.0,6,8,--,--,14,8.8
Martin,Martin County Sheriff's Office,"140,068",2,151,217.4,692,996.3,"1,904","2,741.2",1,1,--,--,2,2.9,18,20,--,--,38,54.7,6,3,--,--,9,13.0,49,53,--,--,102,146.9,63,55,--,--,118,169.9,3,2,--,--,5,7.2,0,1,--,--,1,1.4,42,46,--,--,88,126.7,47,44,--,--,91,131.0,8,5,--,--,13,18.7,10,15,--,--,25,36.0,0,0,--,--,0,0.0,140,153,--,--,293,421.8,26,32,--,--,58,83.5,0,0,--,--,0,0.0,4,0,--,--,4,5.8,342,324,--,--,666,958.8,15,9,--,--,24,34.6,55,41,--,--,96,138.2,3,3,--,--,6,8.6,204,204,--,--,408,587.4,0,0,--,--,0,0.0,0,0,--,--,0,0.0,104,87,--,--,191,275.0,19,21,--,--,40,57.6,6,5,--,--,11,15.8,17,11,--,--,28,40.3,25,16,--,--,41,59.0,12,5,--,--,17,24.5,104,134,--,--,238,342.7,0,0,--,--,0,0.0,19,21,--,--,40,57.6,52,38,--,--,90,129.6,1,1,--,--,2,2.9,2,0,--,--,2,2.9,0,0,--,--,0,0.0,0,0,--,--,0,0.0
Miami-Dade,Aventura Police Department,"40,350",2,29,144.9,790,"3,948.2",293,"1,464.3",0,0,--,--,0,0.0,1,2,--,--,3,15.0,4,6,--,--,10,50.0,9,7,--,--,16,80.0,26,9,--,--,35,174.9,11,6,--,--,17,85.0,0,0,--,--,0,0.0,250,195,--,--,445,"2,224.0",36,29,--,--,65,324.9,15,6,--,--,21,105.0,9,5,--,--,14,70.0,0,0,--,--,0,0.0,90,87,--,--,177,884.6,6,10,--,--,16,80.0,0,0,--,--,0,0.0,0,0,--,--,0,0.0,55,53,--,--,108,539.8,0,0,--,--,0,0.0,10,9,--,--,19,95.0,0,2,--,--,2,10.0,6,9,--,--,15,75.0,0,0,--,--,0,0.0,1,0,--,--,1,5.0,30,19,--,--,49,244.9,1,1,--,--,2,10.0,1,0,--,--,1,5.0,0,0,--,--,0,0.0,1,3,--,--,4,20.0,2,3,--,--,5,25.0,21,16,--,--,37,184.9,0,0,--,--,0,0.0,3,3,--,--,6,30.0,22,22,--,--,44,219.9,0,0,--,--,0,0.0,0,0,--,--,0,0.0,0,0,--,--,0,0.0,0,0,--,--,0,0.0
Miami-Dade,Doral Police Department,"81,182",2,69,171.4,790,"1,962.4",666,"1,654.4",1,0,--,--,1,2.5,5,4,--,--,9,22.4,4,0,--,--,4,9.9,28,27,--,--,55,136.6,22,7,--,--,29,72.0,0,0,--,--,0,0.0,3,1,--,--,4,9.9,170,131,--,--,301,747.7,45,46,--,--,91,226.0,65,52,--,--,117,290.6,8,5,--,--,13,32.3,0,0,--,--,0,0.0,70,76,--,--,146,362.7,41,48,--,--,89,221.1,0,0,--,--,0,0.0,0,0,--,--,0,0.0,91,91,--,--,182,452.1,0,0,--,--,0,0.0,8,10,--,--,18,44.7,1,3,--,--,4,9.9,45,37,--,--,82,203.7,0,0,--,--,0,0.0,4,5,--,--,9,22.4,112,93,--,--,205,509.2,6,5,--,--,11,27.3,6,6,--,--,12,29.8,10,6,--,--,16,39.7,1,0,--,--,1,2.5,18,10,--,--,28,69.6,43,34,--,--,77,191.3,0,0,--,--,0,0.0,11,8,--,--,19,47.2,0,0,--,--,0,0.0,0,0,--,--,0,0.0,1,0,--,--,1,2.5,0,0,--,--,0,0.0,0,1,--,--,1,2.5
Miami-Dade,Miami Lakes Police Department,"30,905",1,12,157.5,113,"1,482.9",80,"1,049.8",4,--,--,--,4,52.5,1,--,--,--,1,13.1,2,--,--,--,2,26.2,5,--,--,--,5,65.6,7,--,--,--,7,91.9,0,--,--,--,0,0.0,0,--,--,--,0,0.0,8,--,--,--,8,105.0,46,--,--,--,46,603.6,1,--,--,--,1,13.1,4,--,--,--,4,52.5,0,--,--,--,0,0.0,25,--,--,--,25,328.1,22,--,--,--,22,288.7,0,--,--,--,0,0.0,0,--,--,--,0,0.0,22,--,--,--,22,288.7,0,--,--,--,0,0.0,2,--,--,--,2,26.2,0,--,--,--,0,0.0,0,--,--,--,0,0.0,0,--,--,--,0,0.0,0,--,--,--,0,0.0,15,--,--,--,15,196.8,9,--,--,--,9,118.1,0,--,--,--,0,0.0,0,--,--,--,0,0.0,0,--,--,--,0,0.0,0,--,--,--,0,0.0,25,--,--,--,25,328.1,0,--,--,--,0,0.0,0,--,--,--,0,0.0,6,--,--,--,6,78.7,1,--,--,--,1,13.1,0,--,--,--,0,0.0,0,--,--,--,0,0.0,0,--,--,--,0,0.0
Miami-Dade,Miami Police Department,"459,224",2,"1,194",524.3,"7,511","3,298.3","6,582","2,890.3",7,7,--,--,14,6.1,44,48,--,--,92,40.4,124,144,--,--,268,117.7,403,417,--,--,820,360.1,314,326,--,--,640,281.0,76,46,--,--,122,53.6,13,19,--,--,32,14.1,464,476,--,--,940,412.8,859,997,--,--,"1,856",815.0,341,284,--,--,625,274.5,48,56,--,--,104,45.7,2,1,--,--,3,1.3,"1,098",986,--,--,"2,084",915.1,516,589,--,--,"1,105",485.2,1,0,--,--,1,0.4,12,8,--,--,20,8.8,"1,349","1,213",--,--,"2,562","1,125.0",16,11,--,--,27,11.9,133,137,--,--,270,118.6,27,43,--,--,70,30.7,535,489,--,--,"1,024",449.7,0,0,--,--,0,0.0,0,0,--,--,0,0.0,168,148,--,--,316,138.8,19,31,--,--,50,22.0,3,7,--,--,10,4.4,26,43,--,--,69,30.3,8,6,--,--,14,6.1,129,127,--,--,256,112.4,719,797,--,--,"1,516",665.7,0,1,--,--,1,0.4,133,115,--,--,248,108.9,88,34,--,--,122,53.6,0,0,--,--,0,0.0,4,0,--,--,4,1.8,0,0,--,--,0,0.0,1,1,--,--,2,0.9
Miami-Dade,Miami-Dade Police Department,"1,202,048",1,"1,497",505.1,"6,481","2,186.6","5,545","1,870.8",19,--,--,--,19,6.4,161,--,--,--,161,54.3,227,--,--,--,227,76.6,"1,090",--,--,--,"1,090",367.8,489,--,--,--,489,165.0,8,--,--,--,8,2.7,0,--,--,--,0,0.0,"1,232",--,--,--,"1,232",415.7,"1,325",--,--,--,"1,325",447.0,560,--,--,--,560,188.9,41,--,--,--,41,13.8,1,--,--,--,1,0.3,"1,883",--,--,--,"1,883",635.3,942,--,--,--,942,317.8,4,--,--,--,4,1.3,9,--,--,--,9,3.0,"1,963",--,--,--,"1,963",662.3,47,--,--,--,47,15.9,158,--,--,--,158,53.3,27,--,--,--,27,9.1,766,--,--,--,766,258.4,1,--,--,--,1,0.3,1,--,--,--,1,0.3,705,--,--,--,705,237.9,156,--,--,--,156,52.6,29,--,--,--,29,9.8,9,--,--,--,9,3.0,23,--,--,--,23,7.8,11,--,--,--,11,3.7,"1,144",--,--,--,"1,144",386.0,1,--,--,--,1,0.3,242,--,--,--,242,81.6,232,--,--,--,232,78.3,3,--,--,--,3,1.0,2,--,--,--,2,0.7,4,--,--,--,4,1.3,8,--,--,--,8,2.7
Miami-Dade,North Miami Beach Police Department,"43,591",2,158,730.9,738,"3,414.1",672,"3,108.8",2,5,--,--,7,32.4,4,8,--,--,12,55.5,20,24,--,--,44,203.5,38,57,--,--,95,439.5,38,35,--,--,73,337.7,1,2,--,--,3,13.9,0,0,--,--,0,0.0,47,63,--,--,110,508.9,75,117,--,--,192,888.2,54,46,--,--,100,462.6,34,29,--,--,63,291.4,0,0,--,--,0,0.0,49,40,--,--,89,411.7,49,59,--,--,108,499.6,0,0,--,--,0,0.0,1,0,--,--,1,4.6,106,100,--,--,206,953.0,0,0,--,--,0,0.0,63,46,--,--,109,504.2,6,3,--,--,9,41.6,28,34,--,--,62,286.8,0,0,--,--,0,0.0,0,0,--,--,0,0.0,63,56,--,--,119,550.5,0,0,--,--,0,0.0,3,2,--,--,5,23.1,0,0,--,--,0,0.0,0,0,--,--,0,0.0,9,19,--,--,28,129.5,32,45,--,--,77,356.2,0,0,--,--,0,0.0,19,19,--,--,38,175.8,7,10,--,--,17,78.6,0,0,--,--,0,0.0,1,0,--,--,1,4.6,0,0,--,--,0,0.0,0,0,--,--,0,0.0
Miami-Dade,Palmetto Bay Police Department,"25,041",1,11,178.2,100,"1,619.6",72,"1,166.1",0,--,--,--,0,0.0,1,--,--,--,1,16.2,4,--,--,--,4,64.8,6,--,--,--,6,97.2,3,--,--,--,3,48.6,0,--,--,--,0,0.0,0,--,--,--,0,0.0,28,--,--,--,28,453.5,21,--,--,--,21,340.1,4,--,--,--,4,64.8,0,--,--,--,0,0.0,0,--,--,--,0,0.0,26,--,--,--,26,421.1,18,--,--,--,18,291.5,0,--,--,--,0,0.0,0,--,--,--,0,0.0,14,--,--,--,14,226.7,0,--,--,--,0,0.0,8,--,--,--,8,129.6,1,--,--,--,1,16.2,3,--,--,--,3,48.6,0,--,--,--,0,0.0,0,--,--,--,0,0.0,15,--,--,--,15,242.9,3,--,--,--,3,48.6,1,--,--,--,1,16.2,0,--,--,--,0,0.0,0,--,--,--,0,0.0,0,--,--,--,0,0.0,10,--,--,--,10,162.0,0,--,--,--,0,0.0,1,--,--,--,1,16.2,16,--,--,--,16,259.1,0,--,--,--,0,0.0,0,--,--,--,0,0.0,0,--,--,--,0,0.0,0,--,--,--,0,0.0
Miami-Dade,South Miami Police Department,"12,090",2,51,850.7,192,"3,202.5",162,"2,702.1",0,0,--,--,0,0.0,0,2,--,--,2,33.4,7,2,--,--,9,150.1,20,20,--,--,40,667.2,18,19,--,--,37,617.1,2,0,--,--,2,33.4,1,1,--,--,2,33.4,21,17,--,--,38,633.8,25,15,--,--,40,667.2,3,10,--,--,13,216.8,0,0,--,--,0,0.0,0,0,--,--,0,0.0,17,29,--,--,46,767.3,7,7,--,--,14,233.5,0,0,--,--,0,0.0,1,0,--,--,1,16.7,29,30,--,--,59,984.1,0,0,--,--,0,0.0,9,8,--,--,17,283.6,2,1,--,--,3,50.0,6,13,--,--,19,316.9,0,0,--,--,0,0.0,0,0,--,--,0,0.0,7,8,--,--,15,250.2,0,0,--,--,0,0.0,2,0,--,--,2,33.4,0,1,--,--,1,16.7,0,0,--,--,0,0.0,0,1,--,--,1,16.7,19,20,--,--,39,650.5,0,0,--,--,0,0.0,3,2,--,--,5,83.4,0,0,--,--,0,0.0,0,0,--,--,0,0.0,0,0,--,--,0,0.0,0,0,--,--,0,0.0,0,0,--,--,0,0.0
Miami-Dade,Town of Cutler Bay Police Dept.,"45,545",1,25,222.6,195,"1,736.4",143,"1,273.3",0,--,--,--,0,0.0,2,--,--,--,2,17.8,6,--,--,--,6,53.4,17,--,--,--,17,151.4,8,--,--,--,8,71.2,0,--,--,--,0,0.0,0,--,--,--,0,0.0,74,--,--,--,74,658.9,32,--,--,--,32,284.9,5,--,--,--,5,44.5,1,--,--,--,1,8.9,0,--,--,--,0,0.0,50,--,--,--,50,445.2,25,--,--,--,25,222.6,0,--,--,--,0,0.0,0,--,--,--,0,0.0,67,--,--,--,67,596.6,1,--,--,--,1,8.9,1,--,--,--,1,8.9,2,--,--,--,2,17.8,9,--,--,--,9,80.1,0,--,--,--,0,0.0,0,--,--,--,0,0.0,22,--,--,--,22,195.9,4,--,--,--,4,35.6,3,--,--,--,3,26.7,0,--,--,--,0,0.0,1,--,--,--,1,8.9,0,--,--,--,0,0.0,20,--,--,--,20,178.1,0,--,--,--,0,0.0,3,--,--,--,3,26.7,9,--,--,--,9,80.1,0,--,--,--,0,0.0,0,--,--,--,0,0.0,0,--,--,--,0,0.0,1,--,--,--,1,8.9
Monroe,Monroe County Sheriff's Office,"56,114",2,84,301.9,143,513.9,547,"1,965.8",0,0,--,--,0,0.0,1,0,--,--,1,3.6,5,1,--,--,6,21.6,36,41,--,--,77,276.7,2,8,--,--,10,35.9,0,0,--,--,0,0.0,0,0,--,--,0,0.0,7,10,--,--,17,61.1,4,5,--,--,9,32.3,0,1,--,--,1,3.6,12,4,--,--,16,57.5,0,0,--,--,0,0.0,43,39,--,--,82,294.7,8,0,--,--,8,28.7,1,0,--,--,1,3.6,0,3,--,--,3,10.8,83,136,--,--,219,787.0,4,3,--,--,7,25.2,6,9,--,--,15,53.9,0,0,--,--,0,0.0,102,131,--,--,233,837.3,0,0,--,--,0,0.0,5,5,--,--,10,35.9,15,11,--,--,26,93.4,1,0,--,--,1,3.6,1,0,--,--,1,3.6,0,0,--,--,0,0.0,0,1,--,--,1,3.6,2,1,--,--,3,10.8,14,5,--,--,19,68.3,0,0,--,--,0,0.0,3,2,--,--,5,18.0,0,0,--,--,0,0.0,1,0,--,--,1,3.6,0,0,--,--,0,0.0,0,0,--,--,0,0.0,1,1,--,--,2,7.2
Okaloosa,Okaloosa County Sheriff's Office,"145,312",1,15,41.9,172,480.0,106,295.8,0,--,--,--,0,0.0,0,--,--,--,0,0.0,0,--,--,--,0,0.0,15,--,--,--,15,41.9,3,--,--,--,3,8.4,1,--,--,--,1,2.8,0,--,--,--,0,0.0,65,--,--,--,65,181.4,39,--,--,--,39,108.8,22,--,--,--,22,61.4,3,--,--,--,3,8.4,0,--,--,--,0,0.0,36,--,--,--,36,100.5,3,--,--,--,3,8.4,0,--,--,--,0,0.0,0,--,--,--,0,0.0,84,--,--,--,84,234.4,0,--,--,--,0,0.0,2,--,--,--,2,5.6,1,--,--,--,1,2.8,8,--,--,--,8,22.3,0,--,--,--,0,0.0,0,--,--,--,0,0.0,2,--,--,--,2,5.6,1,--,--,--,1,2.8,0,--,--,--,0,0.0,0,--,--,--,0,0.0,0,--,--,--,0,0.0,0,--,--,--,0,0.0,3,--,--,--,3,8.4,0,--,--,--,0,0.0,4,--,--,--,4,11.2,1,--,--,--,1,2.8,0,--,--,--,0,0.0,0,--,--,--,0,0.0,0,--,--,--,0,0.0,0,--,--,--,0,0.0
Osceola,Kissimmee Police Department,"82,168",2,167,409.9,868,"2,130.3","1,110","2,724.2",9,0,--,--,9,22.1,10,12,--,--,22,54.0,12,15,--,--,27,66.3,48,61,--,--,109,267.5,51,43,--,--,94,230.7,0,0,--,--,0,0.0,0,0,--,--,0,0.0,91,95,--,--,186,456.5,45,75,--,--,120,294.5,26,27,--,--,53,130.1,6,3,--,--,9,22.1,0,0,--,--,0,0.0,155,148,--,--,303,743.6,32,71,--,--,103,252.8,0,0,--,--,0,0.0,2,1,--,--,3,7.4,315,349,--,--,664,"1,629.6",0,0,--,--,0,0.0,19,21,--,--,40,98.2,2,1,--,--,3,7.4,71,93,--,--,164,402.5,0,0,--,--,0,0.0,0,0,--,--,0,0.0,42,42,--,--,84,206.2,4,7,--,--,11,27.0,2,1,--,--,3,7.4,0,0,--,--,0,0.0,3,2,--,--,5,12.3,1,0,--,--,1,2.5,48,32,--,--,80,196.3,0,0,--,--,0,0.0,19,16,--,--,35,85.9,10,4,--,--,14,34.4,0,0,--,--,0,0.0,0,0,--,--,0,0.0,0,0,--,--,0,0.0,0,3,--,--,3,7.4
Osceola,St. Cloud Police Department,"61,331",2,67,220.3,389,"1,279.0",785,"2,581.1",1,0,--,--,1,3.3,13,5,--,--,18,59.2,1,1,--,--,2,6.6,27,19,--,--,46,151.2,23,24,--,--,47,154.5,0,0,--,--,0,0.0,0,1,--,--,1,3.3,98,94,--,--,192,631.3,13,12,--,--,25,82.2,2,6,--,--,8,26.3,0,0,--,--,0,0.0,0,0,--,--,0,0.0,55,47,--,--,102,335.4,8,6,--,--,14,46.0,0,0,--,--,0,0.0,1,1,--,--,2,6.6,130,117,--,--,247,812.1,0,0,--,--,0,0.0,14,23,--,--,37,121.7,3,3,--,--,6,19.7,125,186,--,--,311,"1,022.6",0,0,--,--,0,0.0,0,0,--,--,0,0.0,42,40,--,--,82,269.6,2,3,--,--,5,16.4,2,1,--,--,3,9.9,0,0,--,--,0,0.0,12,9,--,--,21,69.0,1,1,--,--,2,6.6,16,23,--,--,39,128.2,0,0,--,--,0,0.0,5,11,--,--,16,52.6,8,6,--,--,14,46.0,0,0,--,--,0,0.0,0,0,--,--,0,0.0,0,0,--,--,0,0.0,0,0,--,--,0,0.0
Palm Beach,Boynton Beach Police Department,"81,748",2,146,360.2,849,"2,094.3",867,"2,138.7",0,1,--,--,1,2.5,7,5,--,--,12,29.6,12,14,--,--,26,64.1,43,64,--,--,107,263.9,17,27,--,--,44,108.5,0,1,--,--,1,2.5,1,0,--,--,1,2.5,104,190,--,--,294,725.2,58,91,--,--,149,367.6,17,46,--,--,63,155.4,6,6,--,--,12,29.6,0,0,--,--,0,0.0,83,110,--,--,193,476.1,34,58,--,--,92,226.9,0,0,--,--,0,0.0,0,2,--,--,2,4.9,110,229,--,--,339,836.3,1,3,--,--,4,9.9,1,0,--,--,1,2.5,0,0,--,--,0,0.0,35,119,--,--,154,379.9,0,0,--,--,0,0.0,2,4,--,--,6,14.8,33,55,--,--,88,217.1,7,11,--,--,18,44.4,1,2,--,--,3,7.4,0,0,--,--,0,0.0,1,1,--,--,2,4.9,0,0,--,--,0,0.0,46,73,--,--,119,293.6,0,0,--,--,0,0.0,8,18,--,--,26,64.1,47,54,--,--,101,249.1,0,0,--,--,0,0.0,0,0,--,--,0,0.0,0,0,--,--,0,0.0,2,2,--,--,4,9.9
Palm Beach,North Palm Beach Police Department,"13,166",1,3,91.4,27,822.5,32,974.9,--,0,--,--,0,0.0,--,0,--,--,0,0.0,--,1,--,--,1,30.5,--,2,--,--,2,60.9,--,3,--,--,3,91.4,--,0,--,--,0,0.0,--,0,--,--,0,0.0,--,2,--,--,2,60.9,--,3,--,--,3,91.4,--,0,--,--,0,0.0,--,0,--,--,0,0.0,--,0,--,--,0,0.0,--,11,--,--,11,335.1,--,8,--,--,8,243.7,--,0,--,--,0,0.0,--,0,--,--,0,0.0,--,8,--,--,8,243.7,--,0,--,--,0,0.0,--,0,--,--,0,0.0,--,0,--,--,0,0.0,--,9,--,--,9,274.2,--,0,--,--,0,0.0,--,1,--,--,1,30.5,--,2,--,--,2,60.9,--,0,--,--,0,0.0,--,0,--,--,0,0.0,--,0,--,--,0,0.0,--,1,--,--,1,30.5,--,0,--,--,0,0.0,--,7,--,--,7,213.3,--,0,--,--,0,0.0,--,4,--,--,4,121.9,--,0,--,--,0,0.0,--,0,--,--,0,0.0,--,0,--,--,0,0.0,--,0,--,--,0,0.0,--,0,--,--,0,0.0
Palm Beach,Palm Beach County School District PD,0,1,29,--,71,--,349,--,0,--,--,--,0,--,8,--,--,--,8,--,2,--,--,--,2,--,19,--,--,--,19,--,4,--,--,--,4,--,0,--,--,--,0,--,0,--,--,--,0,--,0,--,--,--,0,--,1,--,--,--,1,--,3,--,--,--,3,--,8,--,--,--,8,--,0,--,--,--,0,--,53,--,--,--,53,--,2,--,--,--,2,--,0,--,--,--,0,--,0,--,--,--,0,--,140,--,--,--,140,--,3,--,--,--,3,--,16,--,--,--,16,--,0,--,--,--,0,--,127,--,--,--,127,--,0,--,--,--,0,--,0,--,--,--,0,--,0,--,--,--,0,--,1,--,--,--,1,--,0,--,--,--,0,--,0,--,--,--,0,--,2,--,--,--,2,--,0,--,--,--,0,--,21,--,--,--,21,--,1,--,--,--,1,--,38,--,--,--,38,--,0,--,--,--,0,--,0,--,--,--,0,--,0,--,--,--,0,--,0,--,--,--,0,--,0,--,--,--,0,--
Pinellas,Belleair Beach Police Department,"1,643",2,1,122.7,3,368.2,18,"2,209.3",0,0,--,--,0,0.0,0,0,--,--,0,0.0,0,0,--,--,0,0.0,0,1,--,--,1,122.7,0,0,--,--,0,0.0,0,0,--,--,0,0.0,0,0,--,--,0,0.0,0,0,--,--,0,0.0,0,0,--,--,0,0.0,0,1,--,--,1,122.7,0,1,--,--,1,122.7,0,0,--,--,0,0.0,0,1,--,--,1,122.7,0,0,--,--,0,0.0,0,0,--,--,0,0.0,0,0,--,--,0,0.0,1,2,--,--,3,368.2,0,0,--,--,0,0.0,1,0,--,--,1,122.7,0,0,--,--,0,0.0,6,4,--,--,10,"1,227.4",0,0,--,--,0,0.0,0,0,--,--,0,0.0,3,0,--,--,3,368.2,0,0,--,--,0,0.0,0,0,--,--,0,0.0,0,0,--,--,0,0.0,0,0,--,--,0,0.0,0,0,--,--,0,0.0,0,0,--,--,0,0.0,0,0,--,--,0,0.0,0,0,--,--,0,0.0,1,0,--,--,1,122.7,0,0,--,--,0,0.0,0,0,--,--,0,0.0,0,0,--,--,0,0.0,0,0,--,--,0,0.0
Pinellas,Belleair Bluffs Police Department,"2,332",2,0,0.0,18,"1,556.5",24,"2,075.4",0,0,--,--,0,0.0,0,0,--,--,0,0.0,0,0,--,--,0,0.0,0,0,--,--,0,0.0,1,1,--,--,2,172.9,0,0,--,--,0,0.0,0,0,--,--,0,0.0,3,3,--,--,6,518.8,3,2,--,--,5,432.4,0,0,--,--,0,0.0,0,0,--,--,0,0.0,0,0,--,--,0,0.0,3,0,--,--,3,259.4,0,2,--,--,2,172.9,0,0,--,--,0,0.0,0,0,--,--,0,0.0,1,1,--,--,2,172.9,0,1,--,--,1,86.5,1,0,--,--,1,86.5,0,0,--,--,0,0.0,7,2,--,--,9,778.3,0,0,--,--,0,0.0,0,0,--,--,0,0.0,0,4,--,--,4,345.9,1,0,--,--,1,86.5,0,0,--,--,0,0.0,0,0,--,--,0,0.0,0,1,--,--,1,86.5,1,0,--,--,1,86.5,0,0,--,--,0,0.0,0,0,--,--,0,0.0,2,0,--,--,2,172.9,0,2,--,--,2,172.9,0,0,--,--,0,0.0,0,0,--,--,0,0.0,0,0,--,--,0,0.0,0,0,--,--,0,0.0
Pinellas,Belleair Police Department,"4,372",2,0,0.0,19,876.4,7,322.9,0,0,--,--,0,0.0,0,0,--,--,0,0.0,0,0,--,--,0,0.0,0,0,--,--,0,0.0,0,1,--,--,1,46.1,0,0,--,--,0,0.0,0,0,--,--,0,0.0,0,0,--,--,0,0.0,7,3,--,--,10,461.2,0,0,--,--,0,0.0,0,1,--,--,1,46.1,0,0,--,--,0,0.0,3,0,--,--,3,138.4,3,1,--,--,4,184.5,0,0,--,--,0,0.0,0,0,--,--,0,0.0,2,1,--,--,3,138.4,0,0,--,--,0,0.0,0,0,--,--,0,0.0,0,0,--,--,0,0.0,0,0,--,--,0,0.0,0,0,--,--,0,0.0,0,0,--,--,0,0.0,3,1,--,--,4,184.5,0,0,--,--,0,0.0,0,0,--,--,0,0.0,0,0,--,--,0,0.0,0,0,--,--,0,0.0,0,0,--,--,0,0.0,0,0,--,--,0,0.0,0,0,--,--,0,0.0,0,0,--,--,0,0.0,0,0,--,--,0,0.0,0,0,--,--,0,0.0,0,0,--,--,0,0.0,0,0,--,--,0,0.0,0,0,--,--,0,0.0
Pinellas,City of Seminole,"19,476",1,6,124.9,81,"1,686.7",90,"1,874.1",0,--,--,--,0,0.0,1,--,--,--,1,20.8,0,--,--,--,0,0.0,5,--,--,--,5,104.1,3,--,--,--,3,62.5,0,--,--,--,0,0.0,0,--,--,--,0,0.0,36,--,--,--,36,749.6,8,--,--,--,8,166.6,5,--,--,--,5,104.1,12,--,--,--,12,249.9,1,--,--,--,1,20.8,12,--,--,--,12,249.9,4,--,--,--,4,83.3,0,--,--,--,0,0.0,2,--,--,--,2,41.6,18,--,--,--,18,374.8,0,--,--,--,0,0.0,2,--,--,--,2,41.6,0,--,--,--,0,0.0,36,--,--,--,36,749.6,0,--,--,--,0,0.0,2,--,--,--,2,41.6,21,--,--,--,21,437.3,1,--,--,--,1,20.8,1,--,--,--,1,20.8,0,--,--,--,0,0.0,0,--,--,--,0,0.0,1,--,--,--,1,20.8,0,--,--,--,0,0.0,0,--,--,--,0,0.0,2,--,--,--,2,41.6,4,--,--,--,4,83.3,0,--,--,--,0,0.0,0,--,--,--,0,0.0,0,--,--,--,0,0.0,0,--,--,--,0,0.0
Pinellas,Dunedin Police Department,"36,102",1,10,112.3,64,719.0,144,"1,617.6",0,--,--,--,0,0.0,3,--,--,--,3,33.7,1,--,--,--,1,11.2,6,--,--,--,6,67.4,3,--,--,--,3,33.7,0,--,--,--,0,0.0,0,--,--,--,0,0.0,2,--,--,--,2,22.5,19,--,--,--,19,213.4,8,--,--,--,8,89.9,8,--,--,--,8,89.9,0,--,--,--,0,0.0,21,--,--,--,21,235.9,3,--,--,--,3,33.7,0,--,--,--,0,0.0,0,--,--,--,0,0.0,59,--,--,--,59,662.8,0,--,--,--,0,0.0,6,--,--,--,6,67.4,0,--,--,--,0,0.0,26,--,--,--,26,292.1,0,--,--,--,0,0.0,0,--,--,--,0,0.0,32,--,--,--,32,359.5,5,--,--,--,5,56.2,4,--,--,--,4,44.9,0,--,--,--,0,0.0,0,--,--,--,0,0.0,1,--,--,--,1,11.2,3,--,--,--,3,33.7,0,--,--,--,0,0.0,0,--,--,--,0,0.0,7,--,--,--,7,78.6,0,--,--,--,0,0.0,1,--,--,--,1,11.2,0,--,--,--,0,0.0,0,--,--,--,0,0.0
Pinellas,Indian Rocks Beach PD,"3,719",2,4,216.9,58,"3,145.0",51,"2,765.4",0,0,--,--,0,0.0,1,0,--,--,1,54.2,0,2,--,--,2,108.4,0,1,--,--,1,54.2,3,0,--,--,3,162.7,0,0,--,--,0,0.0,0,0,--,--,0,0.0,3,4,--,--,7,379.6,0,5,--,--,5,271.1,0,0,--,--,0,0.0,1,1,--,--,2,108.4,0,0,--,--,0,0.0,27,9,--,--,36,"1,952.0",4,1,--,--,5,271.1,0,0,--,--,0,0.0,0,0,--,--,0,0.0,9,11,--,--,20,"1,084.5",0,0,--,--,0,0.0,2,2,--,--,4,216.9,0,0,--,--,0,0.0,7,8,--,--,15,813.4,0,0,--,--,0,0.0,0,0,--,--,0,0.0,2,2,--,--,4,216.9,2,3,--,--,5,271.1,0,1,--,--,1,54.2,0,0,--,--,0,0.0,0,0,--,--,0,0.0,0,0,--,--,0,0.0,0,0,--,--,0,0.0,0,0,--,--,0,0.0,1,0,--,--,1,54.2,1,0,--,--,1,54.2,0,0,--,--,0,0.0,0,0,--,--,0,0.0,0,0,--,--,0,0.0,0,0,--,--,0,0.0
Pinellas,Indian Shores Police Department,"1,207",2,2,334.1,13,"2,172.0",22,"3,675.6",0,0,--,--,0,0.0,0,1,--,--,1,167.1,0,0,--,--,0,0.0,0,1,--,--,1,167.1,1,1,--,--,2,334.1,0,0,--,--,0,0.0,0,0,--,--,0,0.0,0,0,--,--,0,0.0,4,1,--,--,5,835.4,0,0,--,--,0,0.0,1,1,--,--,2,334.1,0,0,--,--,0,0.0,2,0,--,--,2,334.1,2,0,--,--,2,334.1,0,0,--,--,0,0.0,0,0,--,--,0,0.0,2,4,--,--,6,"1,002.4",0,0,--,--,0,0.0,0,0,--,--,0,0.0,0,0,--,--,0,0.0,10,2,--,--,12,"2,004.9",0,0,--,--,0,0.0,0,0,--,--,0,0.0,1,0,--,--,1,167.1,1,0,--,--,1,167.1,0,0,--,--,0,0.0,0,0,--,--,0,0.0,0,0,--,--,0,0.0,1,0,--,--,1,167.1,0,0,--,--,0,0.0,0,0,--,--,0,0.0,1,0,--,--,1,167.1,0,0,--,--,0,0.0,0,0,--,--,0,0.0,0,0,--,--,0,0.0,0,0,--,--,0,0.0,0,0,--,--,0,0.0
Pinellas,Largo Police Department,"84,286",2,150,358.9,967,"2,313.6","1,285","3,074.4",0,0,--,--,0,0.0,13,20,--,--,33,79.0,7,10,--,--,17,40.7,45,55,--,--,100,239.3,34,32,--,--,66,157.9,1,0,--,--,1,2.4,0,1,--,--,1,2.4,112,114,--,--,226,540.7,57,49,--,--,106,253.6,20,20,--,--,40,95.7,5,5,--,--,10,23.9,0,0,--,--,0,0.0,250,217,--,--,467,"1,117.3",21,29,--,--,50,119.6,0,0,--,--,0,0.0,0,1,--,--,1,2.4,292,290,--,--,582,"1,392.5",0,0,--,--,0,0.0,11,21,--,--,32,76.6,6,5,--,--,11,26.3,94,107,--,--,201,480.9,0,0,--,--,0,0.0,9,2,--,--,11,26.3,66,82,--,--,148,354.1,7,12,--,--,19,45.5,3,3,--,--,6,14.4,0,0,--,--,0,0.0,16,23,--,--,39,93.3,1,2,--,--,3,7.2,64,91,--,--,155,370.8,0,0,--,--,0,0.0,11,12,--,--,23,55.0,33,17,--,--,50,119.6,0,0,--,--,0,0.0,1,0,--,--,1,2.4,0,0,--,--,0,0.0,0,3,--,--,3,7.2
Pinellas,North Redington Beach PD,"1,495",2,1,134.9,6,809.3,15,"2,023.3",0,0,--,--,0,0.0,1,0,--,--,1,134.9,0,0,--,--,0,0.0,0,0,--,--,0,0.0,1,0,--,--,1,134.9,0,0,--,--,0,0.0,0,0,--,--,0,0.0,1,0,--,--,1,134.9,0,3,--,--,3,404.7,0,0,--,--,0,0.0,0,1,--,--,1,134.9,0,0,--,--,0,0.0,0,0,--,--,0,0.0,0,0,--,--,0,0.0,0,0,--,--,0,0.0,0,0,--,--,0,0.0,3,3,--,--,6,809.3,0,0,--,--,0,0.0,2,0,--,--,2,269.8,0,0,--,--,0,0.0,1,0,--,--,1,134.9,0,0,--,--,0,0.0,1,0,--,--,1,134.9,0,3,--,--,3,404.7,0,0,--,--,0,0.0,0,1,--,--,1,134.9,0,0,--,--,0,0.0,0,0,--,--,0,0.0,0,0,--,--,0,0.0,0,0,--,--,0,0.0,0,0,--,--,0,0.0,0,1,--,--,1,134.9,0,0,--,--,0,0.0,0,0,--,--,0,0.0,0,0,--,--,0,0.0,0,0,--,--,0,0.0,0,0,--,--,0,0.0
Pinellas,Oldsmar Police Department,"14,924",2,10,135.1,107,"1,445.8",101,"1,364.7",0,0,--,--,0,0.0,1,0,--,--,1,13.5,0,2,--,--,2,27.0,5,2,--,--,7,94.6,4,2,--,--,6,81.1,0,0,--,--,0,0.0,1,0,--,--,1,13.5,27,12,--,--,39,527.0,16,12,--,--,28,378.3,1,3,--,--,4,54.0,3,2,--,--,5,67.6,0,0,--,--,0,0.0,7,10,--,--,17,229.7,4,3,--,--,7,94.6,0,0,--,--,0,0.0,0,1,--,--,1,13.5,18,20,--,--,38,513.5,0,0,--,--,0,0.0,2,1,--,--,3,40.5,0,0,--,--,0,0.0,4,4,--,--,8,108.1,0,1,--,--,1,13.5,0,0,--,--,0,0.0,21,12,--,--,33,445.9,2,4,--,--,6,81.1,3,2,--,--,5,67.6,0,0,--,--,0,0.0,0,0,--,--,0,0.0,0,1,--,--,1,13.5,0,1,--,--,1,13.5,0,0,--,--,0,0.0,0,1,--,--,1,13.5,1,1,--,--,2,27.0,0,0,--,--,0,0.0,0,0,--,--,0,0.0,0,0,--,--,0,0.0,0,1,--,--,1,13.5
Pinellas,Pinellas County Sheriff's Office,"278,936",1,91,132.3,569,827.3,"1,388","2,018.1",1,--,--,--,1,1.5,23,--,--,--,23,33.4,8,--,--,--,8,11.6,59,--,--,--,59,85.8,90,--,--,--,90,130.9,0,--,--,--,0,0.0,1,--,--,--,1,1.5,42,--,--,--,42,61.1,105,--,--,--,105,152.7,39,--,--,--,39,56.7,83,--,--,--,83,120.7,0,--,--,--,0,0.0,135,--,--,--,135,196.3,74,--,--,--,74,107.6,0,--,--,--,0,0.0,2,--,--,--,2,2.9,496,--,--,--,496,721.2,11,--,--,--,11,16.0,38,--,--,--,38,55.2,3,--,--,--,3,4.4,430,--,--,--,430,625.2,0,--,--,--,0,0.0,4,--,--,--,4,5.8,219,--,--,--,219,318.4,24,--,--,--,24,34.9,6,--,--,--,6,8.7,1,--,--,--,1,1.5,21,--,--,--,21,30.5,7,--,--,--,7,10.2,15,--,--,--,15,21.8,0,--,--,--,0,0.0,47,--,--,--,47,68.3,62,--,--,--,62,90.1,0,--,--,--,0,0.0,1,--,--,--,1,1.5,0,--,--,--,0,0.0,1,--,--,--,1,1.5
Pinellas,Redington Beaches Police Department,"1,375",1,0,0.0,3,884.8,6,"1,769.7",0,--,--,--,0,0.0,0,--,--,--,0,0.0,0,--,--,--,0,0.0,0,--,--,--,0,0.0,0,--,--,--,0,0.0,0,--,--,--,0,0.0,0,--,--,--,0,0.0,0,--,--,--,0,0.0,0,--,--,--,0,0.0,0,--,--,--,0,0.0,0,--,--,--,0,0.0,0,--,--,--,0,0.0,2,--,--,--,2,589.9,1,--,--,--,1,294.9,0,--,--,--,0,0.0,0,--,--,--,0,0.0,2,--,--,--,2,589.9,0,--,--,--,0,0.0,0,--,--,--,0,0.0,0,--,--,--,0,0.0,1,--,--,--,1,294.9,0,--,--,--,0,0.0,0,--,--,--,0,0.0,1,--,--,--,1,294.9,1,--,--,--,1,294.9,0,--,--,--,0,0.0,0,--,--,--,0,0.0,0,--,--,--,0,0.0,0,--,--,--,0,0.0,0,--,--,--,0,0.0,0,--,--,--,0,0.0,1,--,--,--,1,294.9,0,--,--,--,0,0.0,0,--,--,--,0,0.0,0,--,--,--,0,0.0,0,--,--,--,0,0.0,0,--,--,--,0,0.0
Pinellas,South Pasadena Police Department,"5,417",1,2,149.7,14,"1,048.1",27,"2,021.4",0,--,--,--,0,0.0,0,--,--,--,0,0.0,1,--,--,--,1,74.9,1,--,--,--,1,74.9,0,--,--,--,0,0.0,1,--,--,--,1,74.9,0,--,--,--,0,0.0,8,--,--,--,8,598.9,1,--,--,--,1,74.9,0,--,--,--,0,0.0,1,--,--,--,1,74.9,0,--,--,--,0,0.0,3,--,--,--,3,224.6,0,--,--,--,0,0.0,0,--,--,--,0,0.0,0,--,--,--,0,0.0,7,--,--,--,7,524.1,0,--,--,--,0,0.0,1,--,--,--,1,74.9,0,--,--,--,0,0.0,10,--,--,--,10,748.7,0,--,--,--,0,0.0,0,--,--,--,0,0.0,6,--,--,--,6,449.2,1,--,--,--,1,74.9,1,--,--,--,1,74.9,0,--,--,--,0,0.0,0,--,--,--,0,0.0,0,--,--,--,0,0.0,0,--,--,--,0,0.0,0,--,--,--,0,0.0,0,--,--,--,0,0.0,1,--,--,--,1,74.9,0,--,--,--,0,0.0,0,--,--,--,0,0.0,0,--,--,--,0,0.0,0,--,--,--,0,0.0
Pinellas,St. Pete Beach Police Department,"8,878",1,4,182.7,39,"1,781.6",67,"3,060.6",0,--,--,--,0,0.0,1,--,--,--,1,45.7,0,--,--,--,0,0.0,3,--,--,--,3,137.0,4,--,--,--,4,182.7,0,--,--,--,0,0.0,1,--,--,--,1,45.7,4,--,--,--,4,182.7,9,--,--,--,9,411.1,2,--,--,--,2,91.4,4,--,--,--,4,182.7,0,--,--,--,0,0.0,9,--,--,--,9,411.1,6,--,--,--,6,274.1,0,--,--,--,0,0.0,0,--,--,--,0,0.0,26,--,--,--,26,"1,187.7",1,--,--,--,1,45.7,4,--,--,--,4,182.7,2,--,--,--,2,91.4,17,--,--,--,17,776.6,0,--,--,--,0,0.0,0,--,--,--,0,0.0,7,--,--,--,7,319.8,3,--,--,--,3,137.0,0,--,--,--,0,0.0,0,--,--,--,0,0.0,0,--,--,--,0,0.0,0,--,--,--,0,0.0,1,--,--,--,1,45.7,0,--,--,--,0,0.0,5,--,--,--,5,228.4,1,--,--,--,1,45.7,0,--,--,--,0,0.0,0,--,--,--,0,0.0,0,--,--,--,0,0.0,0,--,--,--,0,0.0
Pinellas,Tarpon Springs Police Department,"25,752",1,25,393.7,97,"1,527.6",157,"2,472.5",0,--,--,--,0,0.0,2,--,--,--,2,31.5,1,--,--,--,1,15.7,22,--,--,--,22,346.5,7,--,--,--,7,110.2,0,--,--,--,0,0.0,0,--,--,--,0,0.0,25,--,--,--,25,393.7,26,--,--,--,26,409.5,4,--,--,--,4,63.0,0,--,--,--,0,0.0,0,--,--,--,0,0.0,27,--,--,--,27,425.2,8,--,--,--,8,126.0,0,--,--,--,0,0.0,0,--,--,--,0,0.0,72,--,--,--,72,"1,133.9",0,--,--,--,0,0.0,7,--,--,--,7,110.2,1,--,--,--,1,15.7,38,--,--,--,38,598.4,0,--,--,--,0,0.0,0,--,--,--,0,0.0,15,--,--,--,15,236.2,6,--,--,--,6,94.5,2,--,--,--,2,31.5,0,--,--,--,0,0.0,1,--,--,--,1,15.7,1,--,--,--,1,15.7,3,--,--,--,3,47.2,0,--,--,--,0,0.0,6,--,--,--,6,94.5,5,--,--,--,5,78.7,0,--,--,--,0,0.0,0,--,--,--,0,0.0,0,--,--,--,0,0.0,0,--,--,--,0,0.0
Pinellas,Treasure Island Police Department,"6,586",1,7,431.0,44,"2,709.5",53,"3,263.7",0,--,--,--,0,0.0,2,--,--,--,2,123.2,0,--,--,--,0,0.0,5,--,--,--,5,307.9,5,--,--,--,5,307.9,0,--,--,--,0,0.0,0,--,--,--,0,0.0,8,--,--,--,8,492.6,15,--,--,--,15,923.7,0,--,--,--,0,0.0,3,--,--,--,3,184.7,0,--,--,--,0,0.0,8,--,--,--,8,492.6,5,--,--,--,5,307.9,0,--,--,--,0,0.0,0,--,--,--,0,0.0,29,--,--,--,29,"1,785.8",0,--,--,--,0,0.0,1,--,--,--,1,61.6,0,--,--,--,0,0.0,2,--,--,--,2,123.2,0,--,--,--,0,0.0,0,--,--,--,0,0.0,10,--,--,--,10,615.8,6,--,--,--,6,369.5,0,--,--,--,0,0.0,0,--,--,--,0,0.0,0,--,--,--,0,0.0,0,--,--,--,0,0.0,0,--,--,--,0,0.0,0,--,--,--,0,0.0,2,--,--,--,2,123.2,3,--,--,--,3,184.7,0,--,--,--,0,0.0,0,--,--,--,0,0.0,0,--,--,--,0,0.0,0,--,--,--,0,0.0
Putnam,Crescent City Police Department,"1,692",2,0,0.0,15,"1,787.7",25,"2,979.6",0,0,--,--,0,0.0,0,0,--,--,0,0.0,0,0,--,--,0,0.0,0,0,--,--,0,0.0,1,1,--,--,2,238.4,0,0,--,--,0,0.0,0,0,--,--,0,0.0,0,0,--,--,0,0.0,2,1,--,--,3,357.5,0,0,--,--,0,0.0,0,0,--,--,0,0.0,0,0,--,--,0,0.0,5,3,--,--,8,953.5,1,1,--,--,2,238.4,0,0,--,--,0,0.0,0,0,--,--,0,0.0,6,9,--,--,15,"1,787.7",0,0,--,--,0,0.0,0,0,--,--,0,0.0,0,0,--,--,0,0.0,5,2,--,--,7,834.3,0,0,--,--,0,0.0,0,0,--,--,0,0.0,0,0,--,--,0,0.0,0,0,--,--,0,0.0,0,0,--,--,0,0.0,0,0,--,--,0,0.0,0,0,--,--,0,0.0,0,0,--,--,0,0.0,0,2,--,--,2,238.4,0,0,--,--,0,0.0,1,0,--,--,1,119.2,0,0,--,--,0,0.0,0,0,--,--,0,0.0,0,0,--,--,0,0.0,0,0,--,--,0,0.0,0,0,--,--,0,0.0
Putnam,Palatka Police Department,"10,529",2,33,632.0,186,"3,562.4",218,"4,175.3",0,1,--,--,1,19.2,0,1,--,--,1,19.2,2,0,--,--,2,38.3,13,16,--,--,29,555.4,2,7,--,--,9,172.4,0,0,--,--,0,0.0,0,0,--,--,0,0.0,61,56,--,--,117,"2,240.9",2,6,--,--,8,153.2,2,2,--,--,4,76.6,2,1,--,--,3,57.5,0,0,--,--,0,0.0,22,16,--,--,38,727.8,2,5,--,--,7,134.1,0,0,--,--,0,0.0,0,1,--,--,1,19.2,34,42,--,--,76,"1,455.6",0,0,--,--,0,0.0,0,3,--,--,3,57.5,0,1,--,--,1,19.2,49,54,--,--,103,"1,972.7",0,0,--,--,0,0.0,0,0,--,--,0,0.0,5,8,--,--,13,249.0,2,0,--,--,2,38.3,0,0,--,--,0,0.0,0,0,--,--,0,0.0,0,1,--,--,1,19.2,0,0,--,--,0,0.0,4,2,--,--,6,114.9,0,0,--,--,0,0.0,2,8,--,--,10,191.5,0,0,--,--,0,0.0,0,0,--,--,0,0.0,0,0,--,--,0,0.0,0,0,--,--,0,0.0,2,0,--,--,2,38.3
Putnam,Putnam County Sheriff's Office,"59,835",2,26,87.6,219,738.1,556,"1,873.8",1,2,--,--,3,10.1,0,4,--,--,4,13.5,0,0,--,--,0,0.0,9,10,--,--,19,64.0,23,28,--,--,51,171.9,0,0,--,--,0,0.0,0,0,--,--,0,0.0,3,11,--,--,14,47.2,8,8,--,--,16,53.9,14,8,--,--,22,74.1,4,1,--,--,5,16.9,0,0,--,--,0,0.0,36,42,--,--,78,262.9,19,14,--,--,33,111.2,0,0,--,--,0,0.0,1,1,--,--,2,6.7,105,97,--,--,202,680.8,0,0,--,--,0,0.0,2,2,--,--,4,13.5,2,4,--,--,6,20.2,135,149,--,--,284,957.1,1,0,--,--,1,3.4,0,0,--,--,0,0.0,2,5,--,--,7,23.6,0,0,--,--,0,0.0,0,0,--,--,0,0.0,0,1,--,--,1,3.4,0,0,--,--,0,0.0,0,0,--,--,0,0.0,7,10,--,--,17,57.3,0,0,--,--,0,0.0,10,14,--,--,24,80.9,0,0,--,--,0,0.0,0,0,--,--,0,0.0,0,0,--,--,0,0.0,0,0,--,--,0,0.0,7,1,--,--,8,27.0
Santa Rosa,Gulf Breeze Police Department,"6,380",1,0,0.0,9,565.8,36,"2,263.3",--,0,--,--,0,0.0,--,0,--,--,0,0.0,--,0,--,--,0,0.0,--,0,--,--,0,0.0,--,1,--,--,1,62.9,--,0,--,--,0,0.0,--,0,--,--,0,0.0,--,2,--,--,2,125.7,--,0,--,--,0,0.0,--,1,--,--,1,62.9,--,1,--,--,1,62.9,--,0,--,--,0,0.0,--,4,--,--,4,251.5,--,0,--,--,0,0.0,--,0,--,--,0,0.0,--,0,--,--,0,0.0,--,6,--,--,6,377.2,--,0,--,--,0,0.0,--,0,--,--,0,0.0,--,0,--,--,0,0.0,--,23,--,--,23,"1,446.0",--,0,--,--,0,0.0,--,0,--,--,0,0.0,--,1,--,--,1,62.9,--,0,--,--,0,0.0,--,1,--,--,1,62.9,--,0,--,--,0,0.0,--,0,--,--,0,0.0,--,0,--,--,0,0.0,--,3,--,--,3,188.6,--,0,--,--,0,0.0,--,2,--,--,2,125.7,--,0,--,--,0,0.0,--,0,--,--,0,0.0,--,0,--,--,0,0.0,--,0,--,--,0,0.0,--,0,--,--,0,0.0
Sarasota,Sarasota County Sheriff's Office,"282,572",2,188,134.2,"1,751","1,249.6","2,028","1,447.3",0,2,--,--,2,1.4,12,12,--,--,24,17.1,9,11,--,--,20,14.3,79,63,--,--,142,101.3,110,139,--,--,249,177.7,0,2,--,--,2,1.4,0,0,--,--,0,0.0,174,182,--,--,356,254.1,195,141,--,--,336,239.8,51,56,--,--,107,76.4,73,85,--,--,158,112.8,0,1,--,--,1,0.7,189,177,--,--,366,261.2,95,81,--,--,176,125.6,0,0,--,--,0,0.0,0,0,--,--,0,0.0,364,329,--,--,693,494.6,0,0,--,--,0,0.0,13,15,--,--,28,20.0,1,1,--,--,2,1.4,267,295,--,--,562,401.1,0,0,--,--,0,0.0,7,8,--,--,15,10.7,246,190,--,--,436,311.2,26,31,--,--,57,40.7,12,5,--,--,17,12.1,2,0,--,--,2,1.4,4,4,--,--,8,5.7,3,7,--,--,10,7.1,27,47,--,--,74,52.8,0,0,--,--,0,0.0,0,0,--,--,0,0.0,68,52,--,--,120,85.6,3,0,--,--,3,2.1,0,0,--,--,0,0.0,0,0,--,--,0,0.0,1,0,--,--,1,0.7
St. Johns,St. Augustine Beach Police Department,"6,914",1,5,290.1,18,"1,044.2",29,"1,682.4",--,0,--,--,0,0.0,--,1,--,--,1,58.0,--,0,--,--,0,0.0,--,4,--,--,4,232.1,--,1,--,--,1,58.0,--,0,--,--,0,0.0,--,0,--,--,0,0.0,--,0,--,--,0,0.0,--,1,--,--,1,58.0,--,0,--,--,0,0.0,--,0,--,--,0,0.0,--,0,--,--,0,0.0,--,16,--,--,16,928.2,--,0,--,--,0,0.0,--,0,--,--,0,0.0,--,0,--,--,0,0.0,--,3,--,--,3,174.0,--,0,--,--,0,0.0,--,0,--,--,0,0.0,--,0,--,--,0,0.0,--,13,--,--,13,754.2,--,0,--,--,0,0.0,--,0,--,--,0,0.0,--,3,--,--,3,174.0,--,1,--,--,1,58.0,--,0,--,--,0,0.0,--,0,--,--,0,0.0,--,0,--,--,0,0.0,--,0,--,--,0,0.0,--,8,--,--,8,464.1,--,0,--,--,0,0.0,--,0,--,--,0,0.0,--,0,--,--,0,0.0,--,0,--,--,0,0.0,--,0,--,--,0,0.0,--,0,--,--,0,0.0,--,1,--,--,1,58.0
St. Johns,St. Augustine Police Department,"15,346",2,31,407.4,201,"2,641.3",293,"3,850.2",1,0,--,--,1,13.1,1,5,--,--,6,78.8,2,3,--,--,5,65.7,16,3,--,--,19,249.7,8,11,--,--,19,249.7,0,0,--,--,0,0.0,0,0,--,--,0,0.0,20,22,--,--,42,551.9,5,5,--,--,10,131.4,4,3,--,--,7,92.0,0,3,--,--,3,39.4,0,0,--,--,0,0.0,49,64,--,--,113,"1,484.9",2,5,--,--,7,92.0,0,0,--,--,0,0.0,0,0,--,--,0,0.0,26,43,--,--,69,906.7,0,0,--,--,0,0.0,0,0,--,--,0,0.0,1,2,--,--,3,39.4,59,51,--,--,110,"1,445.5",0,0,--,--,0,0.0,0,0,--,--,0,0.0,10,9,--,--,19,249.7,7,2,--,--,9,118.3,1,1,--,--,2,26.3,0,0,--,--,0,0.0,1,0,--,--,1,13.1,0,1,--,--,1,13.1,37,33,--,--,70,919.9,0,0,--,--,0,0.0,2,2,--,--,4,52.6,1,1,--,--,2,26.3,0,1,--,--,1,13.1,0,0,--,--,0,0.0,0,0,--,--,0,0.0,0,2,--,--,2,26.3
St. Johns,St. Johns County Sheriff's Office,"274,659",2,31,22.8,148,108.7,175,128.5,0,0,--,--,0,0.0,1,2,--,--,3,2.2,2,1,--,--,3,2.2,17,8,--,--,25,18.4,12,13,--,--,25,18.4,0,0,--,--,0,0.0,0,0,--,--,0,0.0,24,37,--,--,61,44.8,2,2,--,--,4,2.9,0,0,--,--,0,0.0,0,1,--,--,1,0.7,0,0,--,--,0,0.0,18,38,--,--,56,41.1,0,1,--,--,1,0.7,0,0,--,--,0,0.0,0,0,--,--,0,0.0,6,3,--,--,9,6.6,0,0,--,--,0,0.0,0,0,--,--,0,0.0,1,0,--,--,1,0.7,57,68,--,--,125,91.8,0,0,--,--,0,0.0,0,0,--,--,0,0.0,6,5,--,--,11,8.1,2,2,--,--,4,2.9,0,0,--,--,0,0.0,7,4,--,--,11,8.1,0,0,--,--,0,0.0,0,0,--,--,0,0.0,6,7,--,--,13,9.5,0,0,--,--,0,0.0,0,0,--,--,0,0.0,0,1,--,--,1,0.7,0,0,--,--,0,0.0,0,0,--,--,0,0.0,0,0,--,--,0,0.0,0,0,--,--,0,0.0
Sumter,Wildwood Police Department,"24,681",2,16,130.7,55,449.4,199,"1,625.9",0,0,--,--,0,0.0,2,0,--,--,2,16.3,0,0,--,--,0,0.0,10,4,--,--,14,114.4,5,3,--,--,8,65.4,0,0,--,--,0,0.0,0,0,--,--,0,0.0,3,1,--,--,4,32.7,0,2,--,--,2,16.3,1,0,--,--,1,8.2,8,6,--,--,14,114.4,0,0,--,--,0,0.0,13,5,--,--,18,147.1,5,3,--,--,8,65.4,0,0,--,--,0,0.0,0,0,--,--,0,0.0,31,30,--,--,61,498.4,0,1,--,--,1,8.2,0,0,--,--,0,0.0,0,3,--,--,3,24.5,43,50,--,--,93,759.9,0,0,--,--,0,0.0,0,0,--,--,0,0.0,3,2,--,--,5,40.9,2,3,--,--,5,40.9,0,0,--,--,0,0.0,0,0,--,--,0,0.0,0,1,--,--,1,8.2,0,2,--,--,2,16.3,7,6,--,--,13,106.2,0,0,--,--,0,0.0,9,4,--,--,13,106.2,1,0,--,--,1,8.2,0,0,--,--,0,0.0,0,0,--,--,0,0.0,0,0,--,--,0,0.0,0,1,--,--,1,8.2
Taylor,Perry Police Department,"7,013",2,20,575.1,77,"2,214.1",149,"4,284.5",0,0,--,--,0,0.0,1,3,--,--,4,115.0,0,0,--,--,0,0.0,8,8,--,--,16,460.1,9,11,--,--,20,575.1,0,0,--,--,0,0.0,0,0,--,--,0,0.0,4,8,--,--,12,345.1,4,15,--,--,19,546.3,0,1,--,--,1,28.8,0,4,--,--,4,115.0,0,1,--,--,1,28.8,7,10,--,--,17,488.8,2,1,--,--,3,86.3,0,0,--,--,0,0.0,0,1,--,--,1,28.8,28,31,--,--,59,"1,696.5",0,1,--,--,1,28.8,0,1,--,--,1,28.8,0,0,--,--,0,0.0,19,19,--,--,38,"1,092.7",0,0,--,--,0,0.0,0,1,--,--,1,28.8,1,4,--,--,5,143.8,2,0,--,--,2,57.5,0,0,--,--,0,0.0,0,0,--,--,0,0.0,0,1,--,--,1,28.8,0,0,--,--,0,0.0,16,13,--,--,29,833.9,0,0,--,--,0,0.0,5,6,--,--,11,316.3,0,0,--,--,0,0.0,0,0,--,--,0,0.0,0,0,--,--,0,0.0,0,0,--,--,0,0.0,0,0,--,--,0,0.0
,,,,,,,,,,,,,,,,,,,,,,,,,,,,,,,,,,,,,,,,,,,,,,,,,,,,,,,,,,,,,,,,,,,,,,,,,,,,,,,,,,,,,,,,,,,,,,,,,,,,,,,,,,,,,,,,,,,,,,,,,,,,,,,,,,,,,,,,,,,,,,,,,,,,,,,,,,,,,,,,,,,,,,,,,,,,,,,,,,,,,,,,,,,,,,,,,,,,,,,,,,,,,,,,,,,,,,,,,,,,,,,,,,,,,,,
